"","x"
"1",3
"2",11
"3",9
"4",5
"5",7
"6",7
"7",13
"8",7
"9",1
"10",5
"11",3
"12",8
"13",5
"14",2
"15",9
"16",7
"17",4
"18",12
"19",3
"20",12
"21",7
"22",5
"23",6
"24",6
"25",2
"26",10
"27",9
"28",5
"29",6
"30",7
"31",3
"32",4
"33",3
"34",7
"35",8
"36",8
"37",12
"38",10
"39",3
"40",10
"41",2
"42",9
"43",3
"44",6
"45",4
"46",8
"47",6
"48",2
"49",14
"50",8
"51",10
"52",4
"53",11
"54",2
"55",5
"56",10
"57",11
"58",5
"59",1
"60",6
"61",3
"62",14
"63",9
"64",6
"65",9
"66",12
"67",8
"68",6
"69",9
"70",8
"71",8
"72",9
"73",12
"74",7
"75",3
"76",4
"77",9
"78",1
"79",6
"80",9
"81",12
"82",9
"83",6
"84",11
"85",9
"86",6
"87",2
"88",5
"89",7
"90",7
"91",8
"92",1
"93",9
"94",8
"95",9
"96",1
"97",3
"98",5
"99",9
"100",2
"101",6
"102",0
"103",8
"104",5
"105",7
"106",3
"107",5
"108",8
"109",3
"110",11
"111",0
"112",6
"113",7
"114",5
"115",10
"116",5
"117",15
"118",7
"119",11
"120",10
"121",4
"122",4
"123",11
"124",9
"125",8
"126",5
"127",7
"128",14
"129",5
"130",13
"131",4
"132",13
"133",2
"134",8
"135",5
"136",9
"137",9
"138",4
"139",9
"140",8
"141",3
"142",6
"143",6
"144",1
"145",3
"146",14
"147",7
"148",7
"149",11
"150",7
"151",7
"152",10
"153",6
"154",11
"155",7
"156",3
"157",8
"158",3
"159",3
"160",4
"161",10
"162",3
"163",8
"164",2
"165",5
"166",6
"167",2
"168",6
"169",5
"170",2
"171",7
"172",9
"173",9
"174",2
"175",5
"176",3
"177",5
"178",1
"179",0
"180",2
"181",10
"182",6
"183",10
"184",6
"185",2
"186",9
"187",2
"188",0
"189",4
"190",1
"191",10
"192",12
"193",9
"194",7
"195",10
"196",1
"197",9
"198",9
"199",8
"200",4
"201",0
"202",6
"203",2
"204",4
"205",6
"206",4
"207",2
"208",10
"209",9
"210",8
"211",2
"212",5
"213",4
"214",12
"215",10
"216",1
"217",6
"218",5
"219",13
"220",4
"221",5
"222",8
"223",1
"224",5
"225",7
"226",8
"227",8
"228",1
"229",1
"230",7
"231",2
"232",11
"233",7
"234",5
"235",2
"236",1
"237",2
"238",11
"239",12
"240",6
"241",10
"242",3
"243",1
"244",13
"245",7
"246",6
"247",9
"248",5
"249",2
"250",11
"251",6
"252",4
"253",6
"254",10
"255",11
"256",4
"257",2
"258",9
"259",6
"260",11
"261",12
"262",2
"263",6
"264",2
"265",11
"266",9
"267",10
"268",1
"269",5
"270",7
"271",4
"272",12
"273",6
"274",2
"275",4
"276",1
"277",9
"278",9
"279",3
"280",10
"281",5
"282",3
"283",7
"284",12
"285",12
"286",7
"287",9
"288",9
"289",5
"290",8
"291",9
"292",5
"293",6
"294",10
"295",13
"296",9
"297",9
"298",3
"299",12
"300",3
"301",2
"302",7
"303",3
"304",8
"305",8
"306",3
"307",7
"308",1
"309",7
"310",8
"311",11
"312",3
"313",4
"314",2
"315",9
"316",5
"317",5
"318",4
"319",12
"320",9
"321",0
"322",6
"323",3
"324",8
"325",7
"326",2
"327",9
"328",2
"329",4
"330",5
"331",11
"332",14
"333",1
"334",13
"335",4
"336",2
"337",2
"338",11
"339",1
"340",11
"341",8
"342",4
"343",1
"344",11
"345",13
"346",3
"347",1
"348",11
"349",10
"350",4
"351",7
"352",2
"353",5
"354",9
"355",4
"356",1
"357",6
"358",1
"359",9
"360",10
"361",3
"362",4
"363",6
"364",7
"365",3
"366",15
"367",12
"368",5
"369",3
"370",11
"371",5
"372",7
"373",7
"374",13
"375",3
"376",5
"377",2
"378",5
"379",11
"380",4
"381",6
"382",6
"383",10
"384",5
"385",5
"386",6
"387",3
"388",7
"389",10
"390",3
"391",12
"392",2
"393",6
"394",2
"395",1
"396",12
"397",6
"398",4
"399",1
"400",5
"401",11
"402",3
"403",6
"404",3
"405",12
"406",5
"407",14
"408",8
"409",7
"410",6
"411",10
"412",3
"413",7
"414",11
"415",3
"416",10
"417",5
"418",4
"419",6
"420",12
"421",3
"422",8
"423",2
"424",4
"425",5
"426",9
"427",7
"428",7
"429",13
"430",2
"431",6
"432",0
"433",3
"434",12
"435",13
"436",6
"437",4
"438",10
"439",5
"440",2
"441",2
"442",4
"443",4
"444",8
"445",3
"446",8
"447",6
"448",4
"449",4
"450",4
"451",2
"452",7
"453",4
"454",10
"455",4
"456",9
"457",6
"458",6
"459",3
"460",7
"461",13
"462",3
"463",9
"464",12
"465",6
"466",0
"467",5
"468",11
"469",5
"470",4
"471",4
"472",10
"473",5
"474",5
"475",6
"476",7
"477",4
"478",3
"479",12
"480",6
"481",2
"482",2
"483",5
"484",2
"485",8
"486",1
"487",8
"488",4
"489",7
"490",8
"491",10
"492",5
"493",9
"494",13
"495",7
"496",7
"497",12
"498",4
"499",4
"500",7
"501",2
"502",2
"503",5
"504",5
"505",1
"506",10
"507",10
"508",10
"509",8
"510",7
"511",9
"512",3
"513",1
"514",4
"515",5
"516",5
"517",4
"518",4
"519",0
"520",12
"521",4
"522",3
"523",1
"524",5
"525",10
"526",13
"527",0
"528",6
"529",3
"530",4
"531",11
"532",8
"533",9
"534",10
"535",5
"536",11
"537",1
"538",11
"539",9
"540",2
"541",4
"542",12
"543",5
"544",14
"545",4
"546",5
"547",11
"548",0
"549",13
"550",9
"551",1
"552",9
"553",0
"554",6
"555",3
"556",3
"557",9
"558",5
"559",6
"560",3
"561",6
"562",7
"563",6
"564",0
"565",7
"566",8
"567",5
"568",8
"569",3
"570",3
"571",5
"572",12
"573",9
"574",5
"575",2
"576",8
"577",3
"578",11
"579",1
"580",10
"581",3
"582",5
"583",9
"584",9
"585",4
"586",0
"587",8
"588",1
"589",12
"590",8
"591",6
"592",7
"593",1
"594",7
"595",12
"596",7
"597",3
"598",6
"599",3
"600",4
"601",9
"602",11
"603",8
"604",5
"605",2
"606",4
"607",9
"608",11
"609",13
"610",9
"611",12
"612",7
"613",4
"614",8
"615",10
"616",4
"617",10
"618",1
"619",3
"620",8
"621",6
"622",9
"623",2
"624",10
"625",10
"626",8
"627",0
"628",12
"629",11
"630",5
"631",7
"632",2
"633",8
"634",2
"635",3
"636",6
"637",5
"638",6
"639",8
"640",10
"641",4
"642",6
"643",7
"644",6
"645",10
"646",5
"647",12
"648",1
"649",3
"650",4
"651",10
"652",6
"653",7
"654",3
"655",4
"656",5
"657",2
"658",2
"659",12
"660",4
"661",3
"662",9
"663",6
"664",9
"665",4
"666",6
"667",3
"668",9
"669",5
"670",9
"671",5
"672",6
"673",7
"674",9
"675",4
"676",3
"677",13
"678",11
"679",4
"680",4
"681",6
"682",1
"683",4
"684",12
"685",2
"686",10
"687",11
"688",8
"689",3
"690",4
"691",12
"692",11
"693",7
"694",3
"695",9
"696",4
"697",6
"698",3
"699",6
"700",13
"701",7
"702",6
"703",11
"704",5
"705",11
"706",6
"707",4
"708",3
"709",3
"710",1
"711",6
"712",10
"713",8
"714",3
"715",6
"716",9
"717",10
"718",4
"719",6
"720",7
"721",10
"722",5
"723",2
"724",3
"725",8
"726",2
"727",12
"728",1
"729",1
"730",4
"731",1
"732",2
"733",1
"734",9
"735",9
"736",4
"737",7
"738",9
"739",9
"740",9
"741",3
"742",5
"743",2
"744",4
"745",10
"746",5
"747",6
"748",4
"749",10
"750",6
"751",6
"752",6
"753",7
"754",2
"755",3
"756",7
"757",7
"758",12
"759",3
"760",3
"761",3
"762",4
"763",12
"764",1
"765",11
"766",7
"767",2
"768",6
"769",1
"770",12
"771",2
"772",10
"773",8
"774",9
"775",7
"776",2
"777",5
"778",2
"779",3
"780",6
"781",2
"782",7
"783",11
"784",13
"785",8
"786",8
"787",9
"788",12
"789",14
"790",6
"791",4
"792",7
"793",12
"794",2
"795",11
"796",5
"797",7
"798",8
"799",3
"800",7
"801",9
"802",6
"803",9
"804",6
"805",4
"806",9
"807",2
"808",12
"809",6
"810",9
"811",11
"812",12
"813",3
"814",9
"815",5
"816",12
"817",4
"818",6
"819",0
"820",3
"821",9
"822",4
"823",11
"824",7
"825",1
"826",8
"827",11
"828",5
"829",9
"830",8
"831",7
"832",4
"833",4
"834",13
"835",8
"836",3
"837",5
"838",5
"839",6
"840",4
"841",8
"842",3
"843",8
"844",5
"845",7
"846",9
"847",4
"848",8
"849",6
"850",13
"851",7
"852",13
"853",13
"854",4
"855",5
"856",2
"857",11
"858",6
"859",1
"860",8
"861",3
"862",4
"863",2
"864",10
"865",3
"866",4
"867",5
"868",10
"869",10
"870",3
"871",1
"872",13
"873",7
"874",6
"875",10
"876",2
"877",2
"878",10
"879",3
"880",4
"881",14
"882",8
"883",3
"884",5
"885",4
"886",8
"887",5
"888",5
"889",1
"890",4
"891",5
"892",5
"893",11
"894",8
"895",10
"896",3
"897",7
"898",8
"899",5
"900",4
"901",6
"902",2
"903",7
"904",6
"905",8
"906",5
"907",9
"908",8
"909",11
"910",10
"911",3
"912",13
"913",11
"914",4
"915",1
"916",7
"917",5
"918",11
"919",5
"920",5
"921",7
"922",3
"923",4
"924",10
"925",5
"926",3
"927",12
"928",4
"929",11
"930",8
"931",11
"932",1
"933",4
"934",3
"935",8
"936",10
"937",8
"938",12
"939",7
"940",5
"941",3
"942",6
"943",10
"944",12
"945",6
"946",5
"947",7
"948",4
"949",7
"950",6
"951",12
"952",12
"953",8
"954",11
"955",8
"956",4
"957",11
"958",1
"959",4
"960",4
"961",7
"962",8
"963",11
"964",4
"965",8
"966",10
"967",8
"968",2
"969",9
"970",4
"971",10
"972",3
"973",12
"974",7
"975",6
"976",4
"977",10
"978",6
"979",7
"980",12
"981",5
"982",4
"983",10
"984",4
"985",4
"986",2
"987",4
"988",6
"989",7
"990",11
"991",8
"992",11
"993",7
"994",11
"995",10
"996",6
"997",11
"998",10
"999",1
"1000",3
"1001",6
"1002",11
"1003",2
"1004",9
"1005",5
"1006",4
"1007",9
"1008",7
"1009",8
"1010",4
"1011",11
"1012",4
"1013",12
"1014",7
"1015",2
"1016",8
"1017",13
"1018",7
"1019",7
"1020",9
"1021",3
"1022",1
"1023",4
"1024",10
"1025",6
"1026",14
"1027",4
"1028",9
"1029",6
"1030",4
"1031",14
"1032",11
"1033",12
"1034",5
"1035",1
"1036",5
"1037",3
"1038",3
"1039",4
"1040",9
"1041",7
"1042",10
"1043",0
"1044",10
"1045",8
"1046",7
"1047",2
"1048",6
"1049",9
"1050",5
"1051",3
"1052",4
"1053",10
"1054",4
"1055",1
"1056",5
"1057",2
"1058",3
"1059",3
"1060",12
"1061",3
"1062",5
"1063",4
"1064",6
"1065",2
"1066",4
"1067",7
"1068",5
"1069",2
"1070",1
"1071",7
"1072",5
"1073",9
"1074",9
"1075",6
"1076",9
"1077",10
"1078",5
"1079",10
"1080",3
"1081",7
"1082",7
"1083",2
"1084",12
"1085",3
"1086",4
"1087",6
"1088",0
"1089",9
"1090",7
"1091",2
"1092",10
"1093",10
"1094",12
"1095",11
"1096",8
"1097",8
"1098",9
"1099",4
"1100",9
"1101",0
"1102",5
"1103",5
"1104",8
"1105",5
"1106",3
"1107",9
"1108",11
"1109",1
"1110",6
"1111",2
"1112",13
"1113",10
"1114",1
"1115",4
"1116",10
"1117",6
"1118",3
"1119",7
"1120",4
"1121",8
"1122",3
"1123",6
"1124",6
"1125",3
"1126",8
"1127",1
"1128",4
"1129",8
"1130",8
"1131",12
"1132",12
"1133",5
"1134",10
"1135",4
"1136",8
"1137",9
"1138",4
"1139",13
"1140",0
"1141",7
"1142",3
"1143",7
"1144",8
"1145",4
"1146",9
"1147",2
"1148",5
"1149",11
"1150",8
"1151",11
"1152",8
"1153",14
"1154",5
"1155",9
"1156",11
"1157",7
"1158",8
"1159",6
"1160",10
"1161",6
"1162",7
"1163",5
"1164",7
"1165",9
"1166",8
"1167",3
"1168",2
"1169",2
"1170",6
"1171",7
"1172",3
"1173",3
"1174",5
"1175",9
"1176",5
"1177",7
"1178",0
"1179",8
"1180",2
"1181",10
"1182",4
"1183",2
"1184",9
"1185",4
"1186",5
"1187",2
"1188",4
"1189",5
"1190",8
"1191",8
"1192",5
"1193",8
"1194",3
"1195",6
"1196",0
"1197",5
"1198",6
"1199",3
"1200",4
"1201",11
"1202",5
"1203",6
"1204",1
"1205",6
"1206",6
"1207",9
"1208",7
"1209",13
"1210",6
"1211",5
"1212",8
"1213",9
"1214",4
"1215",4
"1216",11
"1217",5
"1218",9
"1219",8
"1220",7
"1221",11
"1222",5
"1223",6
"1224",9
"1225",11
"1226",6
"1227",6
"1228",8
"1229",9
"1230",1
"1231",8
"1232",10
"1233",0
"1234",7
"1235",8
"1236",11
"1237",1
"1238",6
"1239",5
"1240",6
"1241",8
"1242",1
"1243",8
"1244",0
"1245",4
"1246",12
"1247",5
"1248",5
"1249",11
"1250",12
"1251",12
"1252",2
"1253",5
"1254",9
"1255",10
"1256",4
"1257",8
"1258",9
"1259",5
"1260",9
"1261",5
"1262",6
"1263",9
"1264",11
"1265",3
"1266",2
"1267",5
"1268",9
"1269",8
"1270",7
"1271",10
"1272",3
"1273",7
"1274",4
"1275",7
"1276",5
"1277",8
"1278",7
"1279",3
"1280",10
"1281",10
"1282",12
"1283",1
"1284",8
"1285",5
"1286",5
"1287",3
"1288",6
"1289",5
"1290",8
"1291",4
"1292",6
"1293",3
"1294",1
"1295",5
"1296",9
"1297",2
"1298",1
"1299",5
"1300",10
"1301",8
"1302",6
"1303",6
"1304",12
"1305",3
"1306",8
"1307",1
"1308",4
"1309",10
"1310",8
"1311",5
"1312",3
"1313",11
"1314",11
"1315",10
"1316",7
"1317",11
"1318",6
"1319",3
"1320",4
"1321",9
"1322",10
"1323",8
"1324",4
"1325",8
"1326",4
"1327",2
"1328",5
"1329",6
"1330",5
"1331",7
"1332",3
"1333",3
"1334",12
"1335",9
"1336",8
"1337",6
"1338",12
"1339",3
"1340",3
"1341",11
"1342",10
"1343",15
"1344",5
"1345",1
"1346",4
"1347",2
"1348",2
"1349",4
"1350",14
"1351",4
"1352",7
"1353",6
"1354",8
"1355",10
"1356",11
"1357",8
"1358",11
"1359",0
"1360",2
"1361",5
"1362",7
"1363",7
"1364",7
"1365",7
"1366",0
"1367",7
"1368",4
"1369",2
"1370",3
"1371",7
"1372",7
"1373",9
"1374",6
"1375",8
"1376",4
"1377",10
"1378",8
"1379",8
"1380",6
"1381",8
"1382",9
"1383",6
"1384",3
"1385",6
"1386",0
"1387",4
"1388",4
"1389",9
"1390",6
"1391",6
"1392",1
"1393",13
"1394",8
"1395",5
"1396",8
"1397",8
"1398",13
"1399",2
"1400",7
"1401",9
"1402",3
"1403",9
"1404",11
"1405",1
"1406",9
"1407",6
"1408",1
"1409",5
"1410",13
"1411",8
"1412",8
"1413",11
"1414",7
"1415",11
"1416",3
"1417",5
"1418",5
"1419",6
"1420",2
"1421",13
"1422",7
"1423",10
"1424",6
"1425",3
"1426",0
"1427",7
"1428",9
"1429",7
"1430",12
"1431",2
"1432",6
"1433",12
"1434",4
"1435",6
"1436",4
"1437",12
"1438",7
"1439",8
"1440",0
"1441",7
"1442",5
"1443",7
"1444",9
"1445",4
"1446",9
"1447",10
"1448",6
"1449",3
"1450",2
"1451",8
"1452",6
"1453",9
"1454",12
"1455",9
"1456",11
"1457",0
"1458",2
"1459",6
"1460",2
"1461",6
"1462",2
"1463",0
"1464",5
"1465",11
"1466",6
"1467",7
"1468",12
"1469",8
"1470",4
"1471",5
"1472",8
"1473",4
"1474",6
"1475",3
"1476",14
"1477",5
"1478",2
"1479",12
"1480",5
"1481",6
"1482",9
"1483",4
"1484",11
"1485",6
"1486",1
"1487",13
"1488",4
"1489",2
"1490",9
"1491",5
"1492",7
"1493",3
"1494",4
"1495",7
"1496",2
"1497",10
"1498",4
"1499",5
"1500",0
"1501",6
"1502",0
"1503",9
"1504",3
"1505",7
"1506",9
"1507",6
"1508",12
"1509",3
"1510",2
"1511",6
"1512",2
"1513",10
"1514",12
"1515",13
"1516",8
"1517",3
"1518",9
"1519",15
"1520",3
"1521",2
"1522",1
"1523",8
"1524",5
"1525",6
"1526",6
"1527",7
"1528",8
"1529",3
"1530",3
"1531",3
"1532",9
"1533",6
"1534",3
"1535",6
"1536",8
"1537",7
"1538",8
"1539",4
"1540",8
"1541",3
"1542",6
"1543",3
"1544",5
"1545",13
"1546",5
"1547",13
"1548",9
"1549",3
"1550",6
"1551",7
"1552",1
"1553",7
"1554",3
"1555",3
"1556",3
"1557",8
"1558",8
"1559",3
"1560",11
"1561",8
"1562",8
"1563",3
"1564",7
"1565",4
"1566",13
"1567",7
"1568",8
"1569",7
"1570",3
"1571",5
"1572",4
"1573",7
"1574",9
"1575",2
"1576",3
"1577",11
"1578",6
"1579",13
"1580",12
"1581",3
"1582",2
"1583",4
"1584",0
"1585",5
"1586",7
"1587",4
"1588",8
"1589",8
"1590",6
"1591",7
"1592",6
"1593",5
"1594",2
"1595",6
"1596",11
"1597",0
"1598",5
"1599",9
"1600",4
"1601",5
"1602",6
"1603",4
"1604",10
"1605",2
"1606",4
"1607",3
"1608",11
"1609",8
"1610",4
"1611",6
"1612",7
"1613",9
"1614",12
"1615",5
"1616",2
"1617",8
"1618",4
"1619",3
"1620",3
"1621",3
"1622",3
"1623",9
"1624",6
"1625",6
"1626",4
"1627",10
"1628",7
"1629",9
"1630",5
"1631",10
"1632",7
"1633",12
"1634",1
"1635",4
"1636",2
"1637",9
"1638",12
"1639",8
"1640",4
"1641",9
"1642",4
"1643",14
"1644",4
"1645",5
"1646",4
"1647",10
"1648",1
"1649",3
"1650",3
"1651",10
"1652",2
"1653",12
"1654",7
"1655",4
"1656",6
"1657",4
"1658",8
"1659",8
"1660",11
"1661",2
"1662",6
"1663",3
"1664",7
"1665",7
"1666",5
"1667",10
"1668",10
"1669",9
"1670",2
"1671",5
"1672",5
"1673",12
"1674",13
"1675",12
"1676",10
"1677",7
"1678",7
"1679",10
"1680",8
"1681",2
"1682",4
"1683",6
"1684",6
"1685",7
"1686",9
"1687",9
"1688",5
"1689",2
"1690",9
"1691",5
"1692",2
"1693",3
"1694",2
"1695",3
"1696",10
"1697",3
"1698",8
"1699",9
"1700",6
"1701",10
"1702",3
"1703",8
"1704",7
"1705",1
"1706",5
"1707",11
"1708",6
"1709",1
"1710",1
"1711",10
"1712",12
"1713",2
"1714",4
"1715",1
"1716",5
"1717",11
"1718",7
"1719",5
"1720",6
"1721",8
"1722",7
"1723",11
"1724",8
"1725",5
"1726",6
"1727",6
"1728",5
"1729",1
"1730",6
"1731",4
"1732",9
"1733",7
"1734",0
"1735",3
"1736",0
"1737",1
"1738",14
"1739",12
"1740",6
"1741",4
"1742",8
"1743",10
"1744",14
"1745",1
"1746",5
"1747",7
"1748",7
"1749",10
"1750",12
"1751",7
"1752",6
"1753",10
"1754",11
"1755",7
"1756",11
"1757",2
"1758",9
"1759",6
"1760",5
"1761",9
"1762",7
"1763",7
"1764",1
"1765",3
"1766",4
"1767",1
"1768",6
"1769",4
"1770",7
"1771",8
"1772",7
"1773",8
"1774",1
"1775",3
"1776",2
"1777",3
"1778",2
"1779",1
"1780",6
"1781",2
"1782",2
"1783",8
"1784",6
"1785",10
"1786",5
"1787",11
"1788",7
"1789",8
"1790",6
"1791",4
"1792",5
"1793",3
"1794",11
"1795",12
"1796",2
"1797",7
"1798",3
"1799",7
"1800",7
"1801",5
"1802",6
"1803",3
"1804",8
"1805",3
"1806",5
"1807",10
"1808",4
"1809",4
"1810",5
"1811",6
"1812",7
"1813",7
"1814",14
"1815",10
"1816",10
"1817",5
"1818",10
"1819",7
"1820",11
"1821",13
"1822",6
"1823",6
"1824",9
"1825",10
"1826",8
"1827",5
"1828",2
"1829",7
"1830",6
"1831",2
"1832",7
"1833",5
"1834",9
"1835",11
"1836",4
"1837",2
"1838",7
"1839",10
"1840",6
"1841",3
"1842",4
"1843",15
"1844",7
"1845",7
"1846",4
"1847",6
"1848",5
"1849",6
"1850",2
"1851",6
"1852",5
"1853",10
"1854",4
"1855",4
"1856",2
"1857",5
"1858",13
"1859",5
"1860",5
"1861",4
"1862",3
"1863",5
"1864",0
"1865",10
"1866",12
"1867",5
"1868",9
"1869",11
"1870",11
"1871",7
"1872",13
"1873",2
"1874",13
"1875",4
"1876",8
"1877",6
"1878",2
"1879",2
"1880",4
"1881",9
"1882",8
"1883",7
"1884",10
"1885",9
"1886",6
"1887",6
"1888",7
"1889",4
"1890",7
"1891",11
"1892",3
"1893",2
"1894",3
"1895",3
"1896",8
"1897",6
"1898",3
"1899",10
"1900",3
"1901",5
"1902",6
"1903",1
"1904",6
"1905",13
"1906",5
"1907",11
"1908",1
"1909",9
"1910",8
"1911",6
"1912",10
"1913",2
"1914",3
"1915",3
"1916",5
"1917",6
"1918",5
"1919",8
"1920",3
"1921",11
"1922",9
"1923",8
"1924",15
"1925",3
"1926",6
"1927",8
"1928",6
"1929",5
"1930",7
"1931",9
"1932",6
"1933",6
"1934",6
"1935",2
"1936",12
"1937",8
"1938",11
"1939",7
"1940",2
"1941",9
"1942",8
"1943",5
"1944",4
"1945",9
"1946",9
"1947",8
"1948",5
"1949",4
"1950",5
"1951",9
"1952",2
"1953",5
"1954",3
"1955",5
"1956",4
"1957",12
"1958",7
"1959",10
"1960",8
"1961",2
"1962",9
"1963",3
"1964",12
"1965",5
"1966",14
"1967",10
"1968",7
"1969",7
"1970",3
"1971",2
"1972",7
"1973",6
"1974",6
"1975",3
"1976",3
"1977",9
"1978",5
"1979",8
"1980",3
"1981",0
"1982",4
"1983",5
"1984",2
"1985",9
"1986",8
"1987",8
"1988",8
"1989",12
"1990",14
"1991",4
"1992",8
"1993",7
"1994",3
"1995",1
"1996",5
"1997",4
"1998",6
"1999",10
"2000",4
"2001",2
"2002",13
"2003",8
"2004",3
"2005",8
"2006",8
"2007",6
"2008",7
"2009",4
"2010",4
"2011",10
"2012",4
"2013",9
"2014",5
"2015",4
"2016",8
"2017",6
"2018",1
"2019",4
"2020",2
"2021",6
"2022",10
"2023",2
"2024",10
"2025",2
"2026",6
"2027",2
"2028",10
"2029",5
"2030",14
"2031",5
"2032",2
"2033",10
"2034",11
"2035",4
"2036",8
"2037",3
"2038",3
"2039",9
"2040",11
"2041",3
"2042",10
"2043",2
"2044",4
"2045",11
"2046",13
"2047",2
"2048",7
"2049",5
"2050",8
"2051",12
"2052",11
"2053",6
"2054",9
"2055",8
"2056",8
"2057",15
"2058",7
"2059",4
"2060",10
"2061",6
"2062",12
"2063",10
"2064",7
"2065",2
"2066",2
"2067",6
"2068",8
"2069",13
"2070",6
"2071",4
"2072",2
"2073",7
"2074",1
"2075",4
"2076",6
"2077",6
"2078",5
"2079",8
"2080",1
"2081",4
"2082",1
"2083",6
"2084",8
"2085",4
"2086",6
"2087",7
"2088",1
"2089",4
"2090",5
"2091",3
"2092",9
"2093",3
"2094",10
"2095",3
"2096",6
"2097",13
"2098",5
"2099",5
"2100",3
"2101",14
"2102",3
"2103",12
"2104",10
"2105",6
"2106",3
"2107",10
"2108",10
"2109",2
"2110",1
"2111",6
"2112",4
"2113",6
"2114",6
"2115",3
"2116",6
"2117",13
"2118",2
"2119",13
"2120",9
"2121",11
"2122",6
"2123",5
"2124",6
"2125",7
"2126",5
"2127",2
"2128",5
"2129",8
"2130",1
"2131",5
"2132",3
"2133",3
"2134",11
"2135",13
"2136",6
"2137",1
"2138",6
"2139",2
"2140",8
"2141",7
"2142",5
"2143",11
"2144",10
"2145",2
"2146",10
"2147",4
"2148",5
"2149",10
"2150",3
"2151",0
"2152",4
"2153",4
"2154",1
"2155",2
"2156",5
"2157",12
"2158",10
"2159",8
"2160",6
"2161",6
"2162",10
"2163",7
"2164",2
"2165",7
"2166",3
"2167",3
"2168",0
"2169",8
"2170",12
"2171",7
"2172",5
"2173",5
"2174",4
"2175",5
"2176",8
"2177",7
"2178",10
"2179",8
"2180",2
"2181",7
"2182",6
"2183",5
"2184",4
"2185",7
"2186",12
"2187",4
"2188",3
"2189",10
"2190",9
"2191",2
"2192",9
"2193",2
"2194",4
"2195",4
"2196",9
"2197",3
"2198",6
"2199",2
"2200",5
"2201",2
"2202",9
"2203",11
"2204",6
"2205",4
"2206",11
"2207",10
"2208",3
"2209",4
"2210",11
"2211",9
"2212",9
"2213",3
"2214",4
"2215",10
"2216",7
"2217",11
"2218",3
"2219",10
"2220",2
"2221",5
"2222",6
"2223",10
"2224",2
"2225",3
"2226",7
"2227",9
"2228",1
"2229",8
"2230",7
"2231",6
"2232",5
"2233",7
"2234",0
"2235",5
"2236",6
"2237",12
"2238",4
"2239",11
"2240",8
"2241",6
"2242",4
"2243",3
"2244",6
"2245",6
"2246",14
"2247",12
"2248",7
"2249",9
"2250",5
"2251",11
"2252",6
"2253",10
"2254",6
"2255",4
"2256",4
"2257",2
"2258",6
"2259",10
"2260",9
"2261",10
"2262",9
"2263",8
"2264",5
"2265",0
"2266",2
"2267",3
"2268",5
"2269",6
"2270",9
"2271",1
"2272",2
"2273",2
"2274",13
"2275",2
"2276",6
"2277",4
"2278",2
"2279",7
"2280",8
"2281",12
"2282",4
"2283",6
"2284",10
"2285",3
"2286",9
"2287",9
"2288",9
"2289",3
"2290",3
"2291",2
"2292",9
"2293",12
"2294",7
"2295",3
"2296",4
"2297",12
"2298",6
"2299",2
"2300",5
"2301",5
"2302",8
"2303",2
"2304",11
"2305",5
"2306",5
"2307",6
"2308",7
"2309",4
"2310",2
"2311",0
"2312",9
"2313",2
"2314",8
"2315",1
"2316",7
"2317",4
"2318",5
"2319",4
"2320",10
"2321",6
"2322",8
"2323",4
"2324",2
"2325",6
"2326",3
"2327",9
"2328",10
"2329",11
"2330",11
"2331",8
"2332",7
"2333",2
"2334",10
"2335",9
"2336",12
"2337",4
"2338",3
"2339",9
"2340",5
"2341",9
"2342",1
"2343",5
"2344",13
"2345",5
"2346",1
"2347",2
"2348",1
"2349",3
"2350",5
"2351",1
"2352",10
"2353",3
"2354",13
"2355",8
"2356",6
"2357",2
"2358",2
"2359",7
"2360",10
"2361",7
"2362",8
"2363",3
"2364",6
"2365",3
"2366",11
"2367",3
"2368",3
"2369",5
"2370",1
"2371",11
"2372",11
"2373",4
"2374",12
"2375",7
"2376",6
"2377",7
"2378",7
"2379",9
"2380",12
"2381",2
"2382",7
"2383",9
"2384",2
"2385",7
"2386",8
"2387",6
"2388",5
"2389",12
"2390",9
"2391",3
"2392",6
"2393",7
"2394",12
"2395",9
"2396",7
"2397",6
"2398",3
"2399",8
"2400",4
"2401",11
"2402",7
"2403",8
"2404",11
"2405",8
"2406",6
"2407",2
"2408",15
"2409",5
"2410",4
"2411",5
"2412",7
"2413",7
"2414",5
"2415",8
"2416",0
"2417",8
"2418",4
"2419",10
"2420",1
"2421",9
"2422",9
"2423",0
"2424",8
"2425",9
"2426",12
"2427",5
"2428",9
"2429",5
"2430",0
"2431",2
"2432",0
"2433",4
"2434",5
"2435",6
"2436",2
"2437",1
"2438",7
"2439",9
"2440",3
"2441",11
"2442",5
"2443",2
"2444",7
"2445",9
"2446",6
"2447",4
"2448",3
"2449",8
"2450",7
"2451",8
"2452",4
"2453",7
"2454",12
"2455",10
"2456",5
"2457",9
"2458",6
"2459",1
"2460",7
"2461",4
"2462",6
"2463",10
"2464",2
"2465",9
"2466",4
"2467",10
"2468",2
"2469",6
"2470",5
"2471",9
"2472",4
"2473",4
"2474",6
"2475",7
"2476",3
"2477",7
"2478",5
"2479",0
"2480",5
"2481",5
"2482",8
"2483",5
"2484",10
"2485",4
"2486",1
"2487",6
"2488",8
"2489",2
"2490",11
"2491",4
"2492",8
"2493",13
"2494",0
"2495",11
"2496",7
"2497",9
"2498",1
"2499",1
"2500",7
"2501",9
"2502",1
"2503",7
"2504",2
"2505",6
"2506",6
"2507",10
"2508",10
"2509",7
"2510",11
"2511",2
"2512",4
"2513",5
"2514",9
"2515",5
"2516",6
"2517",12
"2518",6
"2519",2
"2520",3
"2521",7
"2522",5
"2523",10
"2524",5
"2525",8
"2526",8
"2527",7
"2528",8
"2529",9
"2530",11
"2531",4
"2532",11
"2533",9
"2534",5
"2535",6
"2536",2
"2537",14
"2538",2
"2539",13
"2540",0
"2541",11
"2542",5
"2543",2
"2544",7
"2545",8
"2546",11
"2547",9
"2548",5
"2549",5
"2550",4
"2551",5
"2552",6
"2553",10
"2554",5
"2555",5
"2556",6
"2557",5
"2558",8
"2559",4
"2560",9
"2561",4
"2562",10
"2563",3
"2564",3
"2565",6
"2566",10
"2567",4
"2568",1
"2569",6
"2570",10
"2571",5
"2572",5
"2573",1
"2574",6
"2575",4
"2576",3
"2577",1
"2578",8
"2579",2
"2580",11
"2581",4
"2582",9
"2583",4
"2584",10
"2585",4
"2586",8
"2587",12
"2588",6
"2589",12
"2590",4
"2591",12
"2592",4
"2593",8
"2594",2
"2595",9
"2596",13
"2597",5
"2598",4
"2599",3
"2600",1
"2601",15
"2602",4
"2603",6
"2604",6
"2605",7
"2606",7
"2607",10
"2608",5
"2609",3
"2610",5
"2611",8
"2612",6
"2613",8
"2614",5
"2615",11
"2616",6
"2617",7
"2618",11
"2619",2
"2620",7
"2621",5
"2622",10
"2623",9
"2624",8
"2625",6
"2626",8
"2627",1
"2628",3
"2629",1
"2630",6
"2631",6
"2632",8
"2633",11
"2634",13
"2635",4
"2636",8
"2637",7
"2638",8
"2639",3
"2640",6
"2641",6
"2642",8
"2643",7
"2644",9
"2645",6
"2646",4
"2647",11
"2648",3
"2649",5
"2650",5
"2651",4
"2652",9
"2653",13
"2654",0
"2655",11
"2656",3
"2657",3
"2658",6
"2659",1
"2660",6
"2661",4
"2662",8
"2663",6
"2664",7
"2665",5
"2666",3
"2667",2
"2668",4
"2669",5
"2670",13
"2671",8
"2672",9
"2673",7
"2674",11
"2675",15
"2676",2
"2677",6
"2678",4
"2679",7
"2680",6
"2681",3
"2682",4
"2683",9
"2684",6
"2685",7
"2686",4
"2687",7
"2688",8
"2689",10
"2690",13
"2691",12
"2692",8
"2693",2
"2694",5
"2695",3
"2696",5
"2697",2
"2698",6
"2699",2
"2700",10
"2701",2
"2702",7
"2703",4
"2704",9
"2705",7
"2706",4
"2707",10
"2708",10
"2709",5
"2710",4
"2711",13
"2712",6
"2713",8
"2714",10
"2715",6
"2716",1
"2717",4
"2718",6
"2719",10
"2720",7
"2721",2
"2722",8
"2723",2
"2724",2
"2725",2
"2726",9
"2727",13
"2728",5
"2729",8
"2730",5
"2731",13
"2732",7
"2733",8
"2734",7
"2735",8
"2736",3
"2737",1
"2738",7
"2739",3
"2740",2
"2741",9
"2742",12
"2743",11
"2744",2
"2745",8
"2746",2
"2747",7
"2748",2
"2749",5
"2750",11
"2751",10
"2752",0
"2753",6
"2754",5
"2755",5
"2756",4
"2757",10
"2758",5
"2759",0
"2760",9
"2761",7
"2762",6
"2763",9
"2764",6
"2765",3
"2766",9
"2767",7
"2768",7
"2769",12
"2770",3
"2771",1
"2772",12
"2773",5
"2774",9
"2775",6
"2776",7
"2777",5
"2778",13
"2779",4
"2780",1
"2781",9
"2782",8
"2783",2
"2784",8
"2785",13
"2786",6
"2787",2
"2788",1
"2789",7
"2790",7
"2791",10
"2792",6
"2793",3
"2794",8
"2795",4
"2796",11
"2797",6
"2798",10
"2799",8
"2800",13
"2801",3
"2802",5
"2803",6
"2804",2
"2805",5
"2806",4
"2807",2
"2808",11
"2809",4
"2810",4
"2811",8
"2812",2
"2813",6
"2814",9
"2815",8
"2816",11
"2817",3
"2818",9
"2819",5
"2820",4
"2821",5
"2822",3
"2823",8
"2824",6
"2825",5
"2826",13
"2827",8
"2828",4
"2829",1
"2830",3
"2831",6
"2832",2
"2833",6
"2834",2
"2835",8
"2836",5
"2837",0
"2838",8
"2839",6
"2840",6
"2841",8
"2842",10
"2843",11
"2844",7
"2845",11
"2846",12
"2847",8
"2848",5
"2849",6
"2850",6
"2851",8
"2852",7
"2853",2
"2854",5
"2855",3
"2856",7
"2857",2
"2858",3
"2859",1
"2860",1
"2861",10
"2862",5
"2863",2
"2864",5
"2865",13
"2866",10
"2867",5
"2868",8
"2869",8
"2870",9
"2871",6
"2872",7
"2873",1
"2874",7
"2875",10
"2876",9
"2877",3
"2878",4
"2879",4
"2880",2
"2881",5
"2882",2
"2883",7
"2884",9
"2885",10
"2886",4
"2887",3
"2888",10
"2889",10
"2890",3
"2891",6
"2892",8
"2893",10
"2894",7
"2895",3
"2896",1
"2897",0
"2898",1
"2899",3
"2900",11
"2901",11
"2902",6
"2903",9
"2904",8
"2905",8
"2906",7
"2907",4
"2908",9
"2909",10
"2910",3
"2911",5
"2912",0
"2913",11
"2914",5
"2915",5
"2916",6
"2917",5
"2918",2
"2919",6
"2920",7
"2921",5
"2922",2
"2923",1
"2924",5
"2925",3
"2926",9
"2927",7
"2928",4
"2929",2
"2930",5
"2931",6
"2932",10
"2933",8
"2934",8
"2935",5
"2936",1
"2937",6
"2938",8
"2939",10
"2940",4
"2941",5
"2942",3
"2943",10
"2944",3
"2945",7
"2946",5
"2947",8
"2948",8
"2949",7
"2950",7
"2951",10
"2952",10
"2953",2
"2954",7
"2955",14
"2956",13
"2957",8
"2958",6
"2959",7
"2960",6
"2961",1
"2962",3
"2963",8
"2964",1
"2965",3
"2966",6
"2967",4
"2968",7
"2969",10
"2970",6
"2971",7
"2972",4
"2973",11
"2974",9
"2975",6
"2976",7
"2977",8
"2978",3
"2979",1
"2980",2
"2981",2
"2982",13
"2983",1
"2984",3
"2985",3
"2986",6
"2987",7
"2988",11
"2989",1
"2990",4
"2991",9
"2992",6
"2993",6
"2994",9
"2995",2
"2996",12
"2997",6
"2998",3
"2999",11
"3000",11
"3001",4
"3002",7
"3003",5
"3004",4
"3005",8
"3006",6
"3007",7
"3008",1
"3009",1
"3010",1
"3011",8
"3012",3
"3013",12
"3014",4
"3015",12
"3016",0
"3017",11
"3018",5
"3019",2
"3020",7
"3021",6
"3022",5
"3023",8
"3024",2
"3025",1
"3026",4
"3027",15
"3028",3
"3029",7
"3030",9
"3031",4
"3032",3
"3033",1
"3034",7
"3035",6
"3036",11
"3037",2
"3038",8
"3039",2
"3040",5
"3041",2
"3042",12
"3043",2
"3044",6
"3045",9
"3046",7
"3047",8
"3048",6
"3049",7
"3050",5
"3051",1
"3052",1
"3053",4
"3054",3
"3055",13
"3056",2
"3057",13
"3058",6
"3059",4
"3060",6
"3061",7
"3062",8
"3063",3
"3064",13
"3065",1
"3066",10
"3067",4
"3068",5
"3069",12
"3070",4
"3071",7
"3072",2
"3073",8
"3074",7
"3075",8
"3076",0
"3077",13
"3078",6
"3079",13
"3080",9
"3081",7
"3082",12
"3083",5
"3084",8
"3085",1
"3086",8
"3087",11
"3088",8
"3089",6
"3090",5
"3091",5
"3092",9
"3093",10
"3094",4
"3095",3
"3096",1
"3097",9
"3098",8
"3099",6
"3100",4
"3101",2
"3102",2
"3103",9
"3104",8
"3105",3
"3106",4
"3107",12
"3108",14
"3109",7
"3110",4
"3111",1
"3112",4
"3113",14
"3114",6
"3115",5
"3116",2
"3117",4
"3118",11
"3119",6
"3120",7
"3121",7
"3122",6
"3123",3
"3124",1
"3125",8
"3126",5
"3127",3
"3128",5
"3129",6
"3130",6
"3131",9
"3132",9
"3133",9
"3134",7
"3135",4
"3136",9
"3137",3
"3138",8
"3139",13
"3140",9
"3141",6
"3142",8
"3143",4
"3144",6
"3145",6
"3146",4
"3147",5
"3148",8
"3149",4
"3150",8
"3151",4
"3152",5
"3153",7
"3154",7
"3155",9
"3156",8
"3157",4
"3158",1
"3159",2
"3160",8
"3161",5
"3162",4
"3163",1
"3164",3
"3165",2
"3166",1
"3167",6
"3168",8
"3169",2
"3170",7
"3171",12
"3172",0
"3173",14
"3174",12
"3175",1
"3176",3
"3177",2
"3178",8
"3179",7
"3180",5
"3181",9
"3182",1
"3183",8
"3184",12
"3185",5
"3186",1
"3187",3
"3188",4
"3189",8
"3190",10
"3191",7
"3192",7
"3193",8
"3194",2
"3195",8
"3196",6
"3197",4
"3198",2
"3199",5
"3200",5
"3201",6
"3202",8
"3203",9
"3204",5
"3205",10
"3206",5
"3207",5
"3208",9
"3209",5
"3210",2
"3211",2
"3212",2
"3213",9
"3214",3
"3215",11
"3216",6
"3217",3
"3218",11
"3219",8
"3220",11
"3221",2
"3222",5
"3223",7
"3224",1
"3225",4
"3226",12
"3227",11
"3228",4
"3229",3
"3230",11
"3231",5
"3232",2
"3233",3
"3234",2
"3235",10
"3236",3
"3237",3
"3238",9
"3239",9
"3240",7
"3241",13
"3242",3
"3243",5
"3244",3
"3245",10
"3246",3
"3247",4
"3248",3
"3249",6
"3250",3
"3251",9
"3252",3
"3253",11
"3254",4
"3255",7
"3256",1
"3257",10
"3258",6
"3259",5
"3260",3
"3261",3
"3262",2
"3263",6
"3264",2
"3265",7
"3266",5
"3267",8
"3268",10
"3269",10
"3270",9
"3271",13
"3272",8
"3273",2
"3274",9
"3275",7
"3276",10
"3277",0
"3278",6
"3279",5
"3280",12
"3281",10
"3282",0
"3283",7
"3284",1
"3285",9
"3286",10
"3287",14
"3288",11
"3289",5
"3290",10
"3291",7
"3292",7
"3293",11
"3294",10
"3295",6
"3296",11
"3297",10
"3298",5
"3299",0
"3300",10
"3301",8
"3302",4
"3303",12
"3304",11
"3305",4
"3306",6
"3307",5
"3308",1
"3309",9
"3310",12
"3311",9
"3312",3
"3313",8
"3314",2
"3315",8
"3316",8
"3317",11
"3318",13
"3319",7
"3320",10
"3321",8
"3322",5
"3323",11
"3324",2
"3325",4
"3326",6
"3327",13
"3328",9
"3329",3
"3330",5
"3331",4
"3332",10
"3333",9
"3334",11
"3335",2
"3336",2
"3337",3
"3338",4
"3339",10
"3340",4
"3341",9
"3342",7
"3343",4
"3344",10
"3345",13
"3346",6
"3347",5
"3348",5
"3349",6
"3350",4
"3351",1
"3352",8
"3353",6
"3354",13
"3355",7
"3356",3
"3357",3
"3358",4
"3359",6
"3360",6
"3361",9
"3362",15
"3363",7
"3364",8
"3365",7
"3366",11
"3367",9
"3368",9
"3369",11
"3370",15
"3371",6
"3372",11
"3373",6
"3374",7
"3375",5
"3376",1
"3377",9
"3378",11
"3379",5
"3380",10
"3381",3
"3382",6
"3383",9
"3384",2
"3385",1
"3386",8
"3387",13
"3388",2
"3389",1
"3390",13
"3391",4
"3392",6
"3393",11
"3394",5
"3395",4
"3396",4
"3397",4
"3398",4
"3399",5
"3400",4
"3401",2
"3402",4
"3403",6
"3404",9
"3405",5
"3406",10
"3407",11
"3408",9
"3409",2
"3410",5
"3411",5
"3412",9
"3413",2
"3414",0
"3415",8
"3416",13
"3417",9
"3418",5
"3419",1
"3420",10
"3421",5
"3422",1
"3423",9
"3424",4
"3425",8
"3426",9
"3427",7
"3428",10
"3429",6
"3430",0
"3431",2
"3432",9
"3433",9
"3434",3
"3435",6
"3436",9
"3437",5
"3438",5
"3439",3
"3440",4
"3441",12
"3442",1
"3443",9
"3444",7
"3445",9
"3446",9
"3447",7
"3448",2
"3449",4
"3450",8
"3451",5
"3452",9
"3453",3
"3454",4
"3455",11
"3456",10
"3457",4
"3458",1
"3459",5
"3460",2
"3461",4
"3462",0
"3463",10
"3464",12
"3465",10
"3466",9
"3467",8
"3468",11
"3469",8
"3470",3
"3471",11
"3472",0
"3473",10
"3474",7
"3475",4
"3476",4
"3477",5
"3478",3
"3479",2
"3480",6
"3481",1
"3482",5
"3483",3
"3484",8
"3485",7
"3486",1
"3487",6
"3488",2
"3489",3
"3490",0
"3491",3
"3492",3
"3493",5
"3494",4
"3495",9
"3496",4
"3497",13
"3498",8
"3499",11
"3500",7
"3501",10
"3502",12
"3503",4
"3504",11
"3505",10
"3506",1
"3507",4
"3508",12
"3509",4
"3510",4
"3511",1
"3512",12
"3513",8
"3514",7
"3515",6
"3516",7
"3517",6
"3518",2
"3519",6
"3520",7
"3521",4
"3522",7
"3523",4
"3524",2
"3525",0
"3526",7
"3527",2
"3528",9
"3529",13
"3530",5
"3531",7
"3532",14
"3533",5
"3534",6
"3535",8
"3536",3
"3537",8
"3538",9
"3539",0
"3540",4
"3541",12
"3542",3
"3543",8
"3544",3
"3545",9
"3546",9
"3547",6
"3548",9
"3549",6
"3550",10
"3551",5
"3552",6
"3553",3
"3554",7
"3555",4
"3556",8
"3557",5
"3558",7
"3559",4
"3560",5
"3561",13
"3562",4
"3563",7
"3564",4
"3565",9
"3566",5
"3567",3
"3568",12
"3569",7
"3570",10
"3571",7
"3572",7
"3573",8
"3574",3
"3575",10
"3576",4
"3577",6
"3578",6
"3579",7
"3580",8
"3581",8
"3582",10
"3583",5
"3584",5
"3585",9
"3586",7
"3587",15
"3588",3
"3589",9
"3590",4
"3591",11
"3592",5
"3593",3
"3594",7
"3595",11
"3596",5
"3597",5
"3598",2
"3599",5
"3600",6
"3601",2
"3602",6
"3603",6
"3604",6
"3605",5
"3606",12
"3607",5
"3608",6
"3609",8
"3610",10
"3611",2
"3612",7
"3613",8
"3614",4
"3615",4
"3616",8
"3617",13
"3618",7
"3619",7
"3620",10
"3621",2
"3622",4
"3623",6
"3624",4
"3625",7
"3626",2
"3627",0
"3628",8
"3629",6
"3630",8
"3631",5
"3632",3
"3633",8
"3634",6
"3635",7
"3636",2
"3637",8
"3638",6
"3639",8
"3640",3
"3641",10
"3642",5
"3643",6
"3644",2
"3645",4
"3646",9
"3647",1
"3648",4
"3649",4
"3650",2
"3651",10
"3652",1
"3653",5
"3654",4
"3655",8
"3656",5
"3657",7
"3658",10
"3659",10
"3660",2
"3661",6
"3662",5
"3663",11
"3664",2
"3665",5
"3666",4
"3667",3
"3668",5
"3669",8
"3670",10
"3671",5
"3672",5
"3673",3
"3674",5
"3675",3
"3676",9
"3677",9
"3678",5
"3679",1
"3680",2
"3681",3
"3682",3
"3683",4
"3684",2
"3685",4
"3686",2
"3687",14
"3688",12
"3689",2
"3690",3
"3691",1
"3692",6
"3693",4
"3694",2
"3695",6
"3696",4
"3697",9
"3698",12
"3699",4
"3700",4
"3701",1
"3702",6
"3703",8
"3704",4
"3705",2
"3706",1
"3707",15
"3708",9
"3709",1
"3710",6
"3711",3
"3712",3
"3713",7
"3714",6
"3715",4
"3716",10
"3717",4
"3718",0
"3719",1
"3720",4
"3721",4
"3722",5
"3723",7
"3724",1
"3725",6
"3726",7
"3727",5
"3728",1
"3729",0
"3730",5
"3731",5
"3732",1
"3733",2
"3734",10
"3735",8
"3736",4
"3737",3
"3738",7
"3739",7
"3740",4
"3741",4
"3742",12
"3743",6
"3744",8
"3745",10
"3746",9
"3747",5
"3748",7
"3749",0
"3750",4
"3751",10
"3752",4
"3753",4
"3754",1
"3755",11
"3756",7
"3757",5
"3758",8
"3759",3
"3760",4
"3761",8
"3762",1
"3763",3
"3764",1
"3765",2
"3766",8
"3767",4
"3768",1
"3769",7
"3770",9
"3771",9
"3772",10
"3773",9
"3774",5
"3775",9
"3776",3
"3777",4
"3778",5
"3779",3
"3780",5
"3781",4
"3782",2
"3783",5
"3784",12
"3785",7
"3786",6
"3787",13
"3788",9
"3789",6
"3790",7
"3791",14
"3792",3
"3793",9
"3794",11
"3795",5
"3796",4
"3797",3
"3798",7
"3799",3
"3800",5
"3801",0
"3802",7
"3803",3
"3804",11
"3805",5
"3806",4
"3807",1
"3808",0
"3809",4
"3810",9
"3811",9
"3812",10
"3813",7
"3814",5
"3815",7
"3816",9
"3817",13
"3818",5
"3819",11
"3820",4
"3821",5
"3822",2
"3823",8
"3824",7
"3825",5
"3826",8
"3827",9
"3828",7
"3829",9
"3830",9
"3831",5
"3832",4
"3833",9
"3834",6
"3835",8
"3836",3
"3837",8
"3838",7
"3839",12
"3840",4
"3841",5
"3842",8
"3843",6
"3844",4
"3845",3
"3846",0
"3847",6
"3848",7
"3849",1
"3850",3
"3851",5
"3852",8
"3853",2
"3854",2
"3855",8
"3856",4
"3857",14
"3858",9
"3859",3
"3860",8
"3861",3
"3862",9
"3863",2
"3864",2
"3865",5
"3866",6
"3867",9
"3868",1
"3869",6
"3870",12
"3871",6
"3872",2
"3873",5
"3874",10
"3875",10
"3876",6
"3877",4
"3878",4
"3879",7
"3880",14
"3881",8
"3882",9
"3883",3
"3884",6
"3885",7
"3886",7
"3887",7
"3888",5
"3889",4
"3890",3
"3891",4
"3892",11
"3893",4
"3894",12
"3895",7
"3896",7
"3897",3
"3898",8
"3899",6
"3900",3
"3901",3
"3902",11
"3903",12
"3904",6
"3905",10
"3906",2
"3907",12
"3908",2
"3909",0
"3910",7
"3911",13
"3912",8
"3913",4
"3914",11
"3915",4
"3916",6
"3917",8
"3918",15
"3919",3
"3920",8
"3921",6
"3922",3
"3923",4
"3924",12
"3925",5
"3926",4
"3927",9
"3928",5
"3929",13
"3930",11
"3931",5
"3932",7
"3933",4
"3934",4
"3935",11
"3936",11
"3937",4
"3938",13
"3939",7
"3940",1
"3941",12
"3942",6
"3943",4
"3944",9
"3945",11
"3946",4
"3947",3
"3948",2
"3949",8
"3950",0
"3951",2
"3952",4
"3953",7
"3954",5
"3955",6
"3956",8
"3957",8
"3958",7
"3959",13
"3960",2
"3961",0
"3962",5
"3963",6
"3964",6
"3965",1
"3966",3
"3967",2
"3968",11
"3969",11
"3970",4
"3971",6
"3972",11
"3973",2
"3974",5
"3975",3
"3976",6
"3977",11
"3978",4
"3979",5
"3980",11
"3981",8
"3982",4
"3983",4
"3984",5
"3985",1
"3986",6
"3987",14
"3988",13
"3989",6
"3990",10
"3991",9
"3992",6
"3993",3
"3994",1
"3995",9
"3996",5
"3997",10
"3998",14
"3999",11
"4000",10
"4001",14
"4002",2
"4003",6
"4004",13
"4005",3
"4006",10
"4007",7
"4008",1
"4009",12
"4010",5
"4011",8
"4012",6
"4013",14
"4014",2
"4015",1
"4016",6
"4017",6
"4018",13
"4019",8
"4020",1
"4021",3
"4022",9
"4023",6
"4024",2
"4025",13
"4026",3
"4027",5
"4028",10
"4029",3
"4030",3
"4031",6
"4032",1
"4033",10
"4034",9
"4035",4
"4036",10
"4037",14
"4038",7
"4039",9
"4040",5
"4041",4
"4042",6
"4043",7
"4044",7
"4045",12
"4046",7
"4047",10
"4048",7
"4049",1
"4050",7
"4051",4
"4052",7
"4053",12
"4054",4
"4055",2
"4056",4
"4057",5
"4058",7
"4059",6
"4060",3
"4061",5
"4062",10
"4063",4
"4064",12
"4065",3
"4066",13
"4067",3
"4068",1
"4069",7
"4070",9
"4071",10
"4072",2
"4073",7
"4074",6
"4075",6
"4076",1
"4077",5
"4078",6
"4079",7
"4080",9
"4081",10
"4082",9
"4083",3
"4084",7
"4085",6
"4086",6
"4087",6
"4088",1
"4089",3
"4090",10
"4091",4
"4092",7
"4093",4
"4094",2
"4095",9
"4096",2
"4097",6
"4098",3
"4099",6
"4100",9
"4101",10
"4102",0
"4103",11
"4104",2
"4105",8
"4106",8
"4107",5
"4108",6
"4109",12
"4110",10
"4111",4
"4112",12
"4113",5
"4114",6
"4115",6
"4116",14
"4117",13
"4118",11
"4119",10
"4120",1
"4121",9
"4122",2
"4123",5
"4124",7
"4125",11
"4126",2
"4127",5
"4128",2
"4129",9
"4130",1
"4131",4
"4132",12
"4133",7
"4134",5
"4135",7
"4136",9
"4137",11
"4138",10
"4139",6
"4140",5
"4141",3
"4142",4
"4143",2
"4144",8
"4145",0
"4146",12
"4147",3
"4148",4
"4149",3
"4150",6
"4151",6
"4152",4
"4153",4
"4154",2
"4155",6
"4156",15
"4157",5
"4158",3
"4159",11
"4160",10
"4161",1
"4162",3
"4163",13
"4164",4
"4165",3
"4166",3
"4167",9
"4168",11
"4169",5
"4170",9
"4171",0
"4172",0
"4173",11
"4174",9
"4175",10
"4176",4
"4177",10
"4178",9
"4179",8
"4180",8
"4181",9
"4182",13
"4183",13
"4184",7
"4185",10
"4186",7
"4187",6
"4188",2
"4189",7
"4190",4
"4191",5
"4192",6
"4193",7
"4194",10
"4195",7
"4196",13
"4197",12
"4198",5
"4199",7
"4200",5
"4201",2
"4202",2
"4203",10
"4204",5
"4205",7
"4206",3
"4207",2
"4208",7
"4209",3
"4210",11
"4211",8
"4212",6
"4213",3
"4214",7
"4215",6
"4216",8
"4217",8
"4218",12
"4219",9
"4220",12
"4221",7
"4222",1
"4223",12
"4224",6
"4225",4
"4226",3
"4227",1
"4228",8
"4229",4
"4230",2
"4231",12
"4232",7
"4233",10
"4234",7
"4235",7
"4236",3
"4237",9
"4238",10
"4239",8
"4240",8
"4241",10
"4242",5
"4243",5
"4244",11
"4245",3
"4246",7
"4247",9
"4248",3
"4249",8
"4250",1
"4251",4
"4252",7
"4253",6
"4254",4
"4255",5
"4256",10
"4257",7
"4258",6
"4259",4
"4260",4
"4261",14
"4262",10
"4263",8
"4264",7
"4265",2
"4266",7
"4267",4
"4268",10
"4269",11
"4270",10
"4271",2
"4272",5
"4273",7
"4274",7
"4275",13
"4276",11
"4277",2
"4278",9
"4279",4
"4280",9
"4281",2
"4282",8
"4283",9
"4284",4
"4285",3
"4286",6
"4287",5
"4288",1
"4289",4
"4290",3
"4291",0
"4292",9
"4293",9
"4294",5
"4295",4
"4296",8
"4297",10
"4298",8
"4299",15
"4300",4
"4301",4
"4302",9
"4303",2
"4304",7
"4305",12
"4306",2
"4307",3
"4308",9
"4309",13
"4310",1
"4311",8
"4312",5
"4313",9
"4314",8
"4315",3
"4316",3
"4317",5
"4318",2
"4319",5
"4320",0
"4321",12
"4322",10
"4323",0
"4324",8
"4325",4
"4326",7
"4327",8
"4328",1
"4329",3
"4330",12
"4331",2
"4332",4
"4333",2
"4334",7
"4335",8
"4336",11
"4337",6
"4338",7
"4339",7
"4340",1
"4341",5
"4342",3
"4343",5
"4344",2
"4345",6
"4346",11
"4347",5
"4348",15
"4349",5
"4350",4
"4351",11
"4352",12
"4353",9
"4354",14
"4355",5
"4356",10
"4357",4
"4358",8
"4359",9
"4360",5
"4361",12
"4362",7
"4363",9
"4364",2
"4365",7
"4366",12
"4367",6
"4368",10
"4369",12
"4370",12
"4371",3
"4372",6
"4373",6
"4374",5
"4375",9
"4376",9
"4377",8
"4378",5
"4379",10
"4380",14
"4381",9
"4382",4
"4383",4
"4384",10
"4385",1
"4386",6
"4387",7
"4388",8
"4389",9
"4390",11
"4391",7
"4392",8
"4393",12
"4394",1
"4395",3
"4396",1
"4397",8
"4398",3
"4399",9
"4400",8
"4401",8
"4402",3
"4403",11
"4404",2
"4405",2
"4406",7
"4407",8
"4408",3
"4409",6
"4410",4
"4411",5
"4412",11
"4413",9
"4414",2
"4415",9
"4416",8
"4417",3
"4418",10
"4419",8
"4420",10
"4421",6
"4422",3
"4423",2
"4424",10
"4425",10
"4426",8
"4427",9
"4428",10
"4429",9
"4430",6
"4431",13
"4432",2
"4433",8
"4434",4
"4435",10
"4436",8
"4437",5
"4438",12
"4439",6
"4440",12
"4441",4
"4442",2
"4443",5
"4444",7
"4445",6
"4446",13
"4447",11
"4448",7
"4449",6
"4450",6
"4451",4
"4452",5
"4453",8
"4454",2
"4455",2
"4456",8
"4457",8
"4458",4
"4459",1
"4460",5
"4461",4
"4462",3
"4463",4
"4464",2
"4465",8
"4466",5
"4467",5
"4468",11
"4469",7
"4470",1
"4471",11
"4472",10
"4473",7
"4474",2
"4475",9
"4476",0
"4477",4
"4478",15
"4479",8
"4480",6
"4481",4
"4482",8
"4483",8
"4484",7
"4485",8
"4486",2
"4487",8
"4488",10
"4489",4
"4490",5
"4491",9
"4492",6
"4493",6
"4494",3
"4495",9
"4496",14
"4497",6
"4498",4
"4499",3
"4500",11
"4501",4
"4502",11
"4503",3
"4504",9
"4505",5
"4506",8
"4507",5
"4508",3
"4509",10
"4510",4
"4511",5
"4512",9
"4513",5
"4514",5
"4515",3
"4516",10
"4517",2
"4518",2
"4519",11
"4520",7
"4521",4
"4522",7
"4523",8
"4524",2
"4525",10
"4526",9
"4527",5
"4528",5
"4529",4
"4530",8
"4531",8
"4532",3
"4533",8
"4534",7
"4535",13
"4536",10
"4537",5
"4538",5
"4539",2
"4540",8
"4541",3
"4542",6
"4543",6
"4544",9
"4545",8
"4546",7
"4547",7
"4548",7
"4549",9
"4550",3
"4551",9
"4552",7
"4553",5
"4554",4
"4555",2
"4556",4
"4557",12
"4558",12
"4559",7
"4560",4
"4561",9
"4562",6
"4563",8
"4564",4
"4565",7
"4566",15
"4567",6
"4568",12
"4569",4
"4570",8
"4571",5
"4572",12
"4573",5
"4574",8
"4575",6
"4576",7
"4577",13
"4578",7
"4579",5
"4580",6
"4581",5
"4582",6
"4583",11
"4584",14
"4585",10
"4586",11
"4587",9
"4588",2
"4589",7
"4590",13
"4591",3
"4592",6
"4593",9
"4594",9
"4595",1
"4596",3
"4597",5
"4598",5
"4599",2
"4600",4
"4601",4
"4602",7
"4603",11
"4604",10
"4605",7
"4606",3
"4607",3
"4608",2
"4609",10
"4610",12
"4611",2
"4612",8
"4613",4
"4614",9
"4615",1
"4616",8
"4617",6
"4618",3
"4619",3
"4620",6
"4621",2
"4622",1
"4623",6
"4624",2
"4625",5
"4626",3
"4627",3
"4628",2
"4629",13
"4630",7
"4631",8
"4632",13
"4633",3
"4634",3
"4635",3
"4636",11
"4637",9
"4638",4
"4639",0
"4640",9
"4641",4
"4642",6
"4643",13
"4644",8
"4645",8
"4646",10
"4647",10
"4648",14
"4649",6
"4650",3
"4651",3
"4652",3
"4653",10
"4654",1
"4655",10
"4656",10
"4657",5
"4658",11
"4659",9
"4660",6
"4661",8
"4662",13
"4663",3
"4664",8
"4665",6
"4666",8
"4667",6
"4668",3
"4669",10
"4670",7
"4671",4
"4672",8
"4673",12
"4674",8
"4675",1
"4676",8
"4677",8
"4678",6
"4679",11
"4680",7
"4681",8
"4682",6
"4683",6
"4684",5
"4685",14
"4686",8
"4687",10
"4688",7
"4689",1
"4690",4
"4691",4
"4692",7
"4693",6
"4694",8
"4695",4
"4696",5
"4697",6
"4698",4
"4699",7
"4700",9
"4701",12
"4702",12
"4703",7
"4704",12
"4705",6
"4706",12
"4707",8
"4708",4
"4709",4
"4710",6
"4711",9
"4712",9
"4713",4
"4714",4
"4715",0
"4716",11
"4717",10
"4718",5
"4719",6
"4720",1
"4721",5
"4722",6
"4723",5
"4724",3
"4725",1
"4726",5
"4727",7
"4728",5
"4729",11
"4730",4
"4731",2
"4732",9
"4733",8
"4734",13
"4735",11
"4736",7
"4737",1
"4738",6
"4739",2
"4740",4
"4741",14
"4742",5
"4743",8
"4744",11
"4745",3
"4746",6
"4747",0
"4748",6
"4749",6
"4750",9
"4751",4
"4752",9
"4753",6
"4754",5
"4755",2
"4756",6
"4757",10
"4758",9
"4759",5
"4760",6
"4761",3
"4762",10
"4763",10
"4764",3
"4765",2
"4766",9
"4767",6
"4768",1
"4769",4
"4770",4
"4771",12
"4772",11
"4773",3
"4774",14
"4775",7
"4776",8
"4777",7
"4778",6
"4779",5
"4780",1
"4781",5
"4782",7
"4783",5
"4784",2
"4785",2
"4786",9
"4787",10
"4788",3
"4789",5
"4790",8
"4791",0
"4792",13
"4793",5
"4794",5
"4795",2
"4796",9
"4797",1
"4798",5
"4799",3
"4800",7
"4801",11
"4802",9
"4803",10
"4804",1
"4805",3
"4806",2
"4807",13
"4808",4
"4809",5
"4810",6
"4811",13
"4812",9
"4813",3
"4814",12
"4815",11
"4816",10
"4817",7
"4818",2
"4819",5
"4820",3
"4821",4
"4822",10
"4823",12
"4824",9
"4825",12
"4826",6
"4827",6
"4828",15
"4829",7
"4830",5
"4831",6
"4832",3
"4833",6
"4834",2
"4835",11
"4836",12
"4837",3
"4838",10
"4839",1
"4840",2
"4841",7
"4842",3
"4843",7
"4844",7
"4845",11
"4846",13
"4847",7
"4848",7
"4849",8
"4850",10
"4851",7
"4852",13
"4853",6
"4854",1
"4855",4
"4856",7
"4857",4
"4858",6
"4859",5
"4860",2
"4861",7
"4862",6
"4863",4
"4864",7
"4865",7
"4866",1
"4867",4
"4868",11
"4869",3
"4870",3
"4871",4
"4872",5
"4873",1
"4874",11
"4875",5
"4876",4
"4877",1
"4878",9
"4879",8
"4880",1
"4881",5
"4882",4
"4883",5
"4884",3
"4885",9
"4886",8
"4887",15
"4888",6
"4889",1
"4890",3
"4891",4
"4892",8
"4893",3
"4894",6
"4895",4
"4896",5
"4897",4
"4898",5
"4899",11
"4900",2
"4901",9
"4902",5
"4903",3
"4904",6
"4905",2
"4906",13
"4907",5
"4908",5
"4909",6
"4910",5
"4911",4
"4912",0
"4913",1
"4914",12
"4915",4
"4916",1
"4917",7
"4918",5
"4919",4
"4920",7
"4921",11
"4922",7
"4923",8
"4924",8
"4925",8
"4926",8
"4927",4
"4928",2
"4929",3
"4930",8
"4931",10
"4932",3
"4933",4
"4934",5
"4935",10
"4936",7
"4937",5
"4938",3
"4939",0
"4940",3
"4941",4
"4942",5
"4943",7
"4944",1
"4945",4
"4946",1
"4947",0
"4948",14
"4949",14
"4950",2
"4951",13
"4952",5
"4953",10
"4954",11
"4955",7
"4956",4
"4957",9
"4958",12
"4959",4
"4960",10
"4961",5
"4962",5
"4963",1
"4964",8
"4965",5
"4966",4
"4967",11
"4968",5
"4969",13
"4970",11
"4971",2
"4972",3
"4973",7
"4974",3
"4975",7
"4976",8
"4977",4
"4978",3
"4979",14
"4980",0
"4981",11
"4982",4
"4983",6
"4984",9
"4985",7
"4986",8
"4987",6
"4988",4
"4989",11
"4990",11
"4991",11
"4992",7
"4993",5
"4994",2
"4995",4
"4996",14
"4997",4
"4998",2
"4999",6
"5000",2
"5001",10
"5002",4
"5003",9
"5004",1
"5005",4
"5006",9
"5007",1
"5008",7
"5009",2
"5010",3
"5011",6
"5012",15
"5013",7
"5014",2
"5015",6
"5016",9
"5017",5
"5018",9
"5019",9
"5020",5
"5021",3
"5022",3
"5023",1
"5024",2
"5025",9
"5026",10
"5027",8
"5028",14
"5029",8
"5030",8
"5031",13
"5032",3
"5033",4
"5034",10
"5035",6
"5036",10
"5037",5
"5038",3
"5039",7
"5040",11
"5041",6
"5042",7
"5043",11
"5044",14
"5045",10
"5046",6
"5047",6
"5048",7
"5049",4
"5050",1
"5051",5
"5052",10
"5053",8
"5054",3
"5055",5
"5056",11
"5057",7
"5058",10
"5059",6
"5060",6
"5061",13
"5062",3
"5063",5
"5064",11
"5065",1
"5066",13
"5067",11
"5068",5
"5069",9
"5070",10
"5071",10
"5072",4
"5073",3
"5074",8
"5075",6
"5076",10
"5077",5
"5078",8
"5079",1
"5080",1
"5081",1
"5082",11
"5083",3
"5084",5
"5085",6
"5086",6
"5087",10
"5088",4
"5089",8
"5090",9
"5091",10
"5092",6
"5093",6
"5094",12
"5095",4
"5096",8
"5097",6
"5098",7
"5099",5
"5100",10
"5101",0
"5102",13
"5103",2
"5104",4
"5105",4
"5106",10
"5107",5
"5108",5
"5109",3
"5110",9
"5111",9
"5112",5
"5113",1
"5114",13
"5115",3
"5116",12
"5117",3
"5118",7
"5119",10
"5120",3
"5121",7
"5122",3
"5123",6
"5124",4
"5125",4
"5126",6
"5127",13
"5128",7
"5129",11
"5130",4
"5131",9
"5132",7
"5133",5
"5134",10
"5135",13
"5136",6
"5137",3
"5138",13
"5139",11
"5140",4
"5141",12
"5142",12
"5143",12
"5144",13
"5145",6
"5146",7
"5147",1
"5148",10
"5149",4
"5150",9
"5151",0
"5152",2
"5153",15
"5154",11
"5155",6
"5156",2
"5157",8
"5158",8
"5159",6
"5160",5
"5161",9
"5162",7
"5163",6
"5164",5
"5165",3
"5166",9
"5167",12
"5168",8
"5169",13
"5170",8
"5171",7
"5172",10
"5173",4
"5174",2
"5175",6
"5176",5
"5177",8
"5178",9
"5179",11
"5180",6
"5181",9
"5182",3
"5183",10
"5184",11
"5185",10
"5186",5
"5187",13
"5188",14
"5189",9
"5190",8
"5191",4
"5192",12
"5193",9
"5194",9
"5195",2
"5196",5
"5197",2
"5198",2
"5199",7
"5200",6
"5201",12
"5202",2
"5203",3
"5204",3
"5205",5
"5206",7
"5207",5
"5208",6
"5209",7
"5210",7
"5211",14
"5212",9
"5213",7
"5214",7
"5215",8
"5216",5
"5217",9
"5218",0
"5219",3
"5220",11
"5221",0
"5222",8
"5223",7
"5224",12
"5225",12
"5226",3
"5227",7
"5228",9
"5229",8
"5230",6
"5231",14
"5232",9
"5233",5
"5234",2
"5235",4
"5236",10
"5237",9
"5238",5
"5239",5
"5240",4
"5241",7
"5242",1
"5243",11
"5244",13
"5245",11
"5246",14
"5247",5
"5248",6
"5249",7
"5250",5
"5251",1
"5252",6
"5253",2
"5254",3
"5255",4
"5256",8
"5257",10
"5258",5
"5259",4
"5260",10
"5261",1
"5262",12
"5263",10
"5264",13
"5265",7
"5266",11
"5267",10
"5268",5
"5269",7
"5270",6
"5271",9
"5272",14
"5273",1
"5274",3
"5275",8
"5276",6
"5277",6
"5278",5
"5279",2
"5280",5
"5281",9
"5282",4
"5283",6
"5284",6
"5285",7
"5286",7
"5287",0
"5288",12
"5289",3
"5290",8
"5291",13
"5292",10
"5293",1
"5294",7
"5295",9
"5296",8
"5297",1
"5298",5
"5299",6
"5300",9
"5301",3
"5302",1
"5303",7
"5304",3
"5305",11
"5306",7
"5307",1
"5308",2
"5309",7
"5310",3
"5311",1
"5312",11
"5313",8
"5314",8
"5315",14
"5316",5
"5317",13
"5318",10
"5319",15
"5320",9
"5321",3
"5322",5
"5323",7
"5324",13
"5325",9
"5326",5
"5327",4
"5328",7
"5329",14
"5330",2
"5331",5
"5332",2
"5333",12
"5334",6
"5335",9
"5336",3
"5337",5
"5338",10
"5339",7
"5340",11
"5341",6
"5342",1
"5343",3
"5344",9
"5345",1
"5346",1
"5347",2
"5348",3
"5349",7
"5350",10
"5351",8
"5352",6
"5353",8
"5354",4
"5355",6
"5356",5
"5357",5
"5358",6
"5359",9
"5360",7
"5361",5
"5362",2
"5363",8
"5364",8
"5365",12
"5366",8
"5367",5
"5368",11
"5369",6
"5370",4
"5371",10
"5372",6
"5373",7
"5374",10
"5375",2
"5376",3
"5377",10
"5378",4
"5379",7
"5380",4
"5381",2
"5382",3
"5383",5
"5384",8
"5385",11
"5386",6
"5387",4
"5388",3
"5389",12
"5390",10
"5391",8
"5392",5
"5393",9
"5394",10
"5395",11
"5396",6
"5397",5
"5398",5
"5399",4
"5400",12
"5401",6
"5402",3
"5403",7
"5404",2
"5405",8
"5406",8
"5407",1
"5408",10
"5409",5
"5410",8
"5411",1
"5412",2
"5413",3
"5414",0
"5415",7
"5416",10
"5417",9
"5418",5
"5419",1
"5420",3
"5421",14
"5422",8
"5423",5
"5424",9
"5425",9
"5426",8
"5427",11
"5428",12
"5429",13
"5430",3
"5431",2
"5432",8
"5433",4
"5434",11
"5435",2
"5436",7
"5437",4
"5438",7
"5439",8
"5440",7
"5441",1
"5442",2
"5443",4
"5444",7
"5445",5
"5446",6
"5447",3
"5448",7
"5449",8
"5450",7
"5451",7
"5452",10
"5453",7
"5454",12
"5455",5
"5456",4
"5457",6
"5458",10
"5459",8
"5460",11
"5461",9
"5462",11
"5463",5
"5464",8
"5465",2
"5466",2
"5467",6
"5468",7
"5469",5
"5470",7
"5471",8
"5472",10
"5473",4
"5474",6
"5475",13
"5476",2
"5477",9
"5478",8
"5479",4
"5480",5
"5481",4
"5482",6
"5483",12
"5484",9
"5485",8
"5486",4
"5487",10
"5488",6
"5489",2
"5490",1
"5491",8
"5492",13
"5493",10
"5494",3
"5495",8
"5496",6
"5497",10
"5498",1
"5499",6
"5500",15
"5501",11
"5502",1
"5503",3
"5504",4
"5505",9
"5506",13
"5507",4
"5508",7
"5509",11
"5510",13
"5511",9
"5512",8
"5513",11
"5514",8
"5515",5
"5516",7
"5517",15
"5518",7
"5519",3
"5520",3
"5521",3
"5522",0
"5523",5
"5524",6
"5525",5
"5526",8
"5527",11
"5528",3
"5529",5
"5530",4
"5531",12
"5532",8
"5533",7
"5534",12
"5535",13
"5536",2
"5537",10
"5538",6
"5539",9
"5540",5
"5541",9
"5542",8
"5543",3
"5544",3
"5545",2
"5546",4
"5547",4
"5548",8
"5549",4
"5550",6
"5551",4
"5552",0
"5553",5
"5554",8
"5555",11
"5556",2
"5557",6
"5558",2
"5559",0
"5560",1
"5561",7
"5562",6
"5563",14
"5564",6
"5565",0
"5566",15
"5567",12
"5568",4
"5569",9
"5570",1
"5571",11
"5572",4
"5573",1
"5574",6
"5575",8
"5576",8
"5577",8
"5578",12
"5579",6
"5580",3
"5581",6
"5582",10
"5583",10
"5584",2
"5585",9
"5586",2
"5587",9
"5588",6
"5589",0
"5590",1
"5591",5
"5592",5
"5593",3
"5594",5
"5595",15
"5596",6
"5597",6
"5598",7
"5599",0
"5600",9
"5601",9
"5602",6
"5603",3
"5604",9
"5605",5
"5606",10
"5607",3
"5608",13
"5609",0
"5610",8
"5611",1
"5612",10
"5613",10
"5614",13
"5615",5
"5616",1
"5617",1
"5618",2
"5619",4
"5620",2
"5621",8
"5622",4
"5623",9
"5624",10
"5625",11
"5626",3
"5627",1
"5628",13
"5629",3
"5630",6
"5631",3
"5632",9
"5633",7
"5634",2
"5635",10
"5636",3
"5637",4
"5638",4
"5639",5
"5640",1
"5641",5
"5642",2
"5643",5
"5644",5
"5645",7
"5646",8
"5647",8
"5648",8
"5649",5
"5650",8
"5651",10
"5652",8
"5653",6
"5654",6
"5655",3
"5656",3
"5657",3
"5658",9
"5659",8
"5660",0
"5661",6
"5662",8
"5663",0
"5664",13
"5665",9
"5666",3
"5667",7
"5668",6
"5669",12
"5670",3
"5671",2
"5672",4
"5673",12
"5674",7
"5675",9
"5676",7
"5677",1
"5678",14
"5679",6
"5680",7
"5681",5
"5682",5
"5683",2
"5684",4
"5685",3
"5686",7
"5687",8
"5688",8
"5689",8
"5690",9
"5691",9
"5692",9
"5693",5
"5694",3
"5695",0
"5696",10
"5697",5
"5698",2
"5699",7
"5700",5
"5701",9
"5702",8
"5703",4
"5704",8
"5705",5
"5706",3
"5707",7
"5708",6
"5709",3
"5710",2
"5711",4
"5712",1
"5713",12
"5714",4
"5715",11
"5716",12
"5717",8
"5718",1
"5719",2
"5720",8
"5721",10
"5722",1
"5723",6
"5724",10
"5725",9
"5726",13
"5727",9
"5728",9
"5729",7
"5730",7
"5731",6
"5732",7
"5733",5
"5734",6
"5735",3
"5736",4
"5737",3
"5738",11
"5739",6
"5740",6
"5741",8
"5742",1
"5743",11
"5744",6
"5745",5
"5746",4
"5747",6
"5748",3
"5749",7
"5750",4
"5751",6
"5752",7
"5753",3
"5754",8
"5755",11
"5756",9
"5757",5
"5758",6
"5759",12
"5760",4
"5761",10
"5762",6
"5763",4
"5764",12
"5765",4
"5766",5
"5767",3
"5768",9
"5769",3
"5770",6
"5771",2
"5772",0
"5773",13
"5774",9
"5775",8
"5776",5
"5777",7
"5778",8
"5779",3
"5780",5
"5781",6
"5782",7
"5783",9
"5784",6
"5785",2
"5786",5
"5787",1
"5788",9
"5789",5
"5790",12
"5791",1
"5792",4
"5793",12
"5794",13
"5795",3
"5796",2
"5797",3
"5798",5
"5799",3
"5800",9
"5801",9
"5802",3
"5803",12
"5804",3
"5805",7
"5806",5
"5807",5
"5808",8
"5809",12
"5810",9
"5811",15
"5812",9
"5813",5
"5814",13
"5815",1
"5816",2
"5817",6
"5818",10
"5819",6
"5820",3
"5821",8
"5822",12
"5823",3
"5824",5
"5825",9
"5826",2
"5827",4
"5828",6
"5829",13
"5830",6
"5831",2
"5832",5
"5833",7
"5834",0
"5835",3
"5836",5
"5837",7
"5838",12
"5839",4
"5840",7
"5841",7
"5842",13
"5843",8
"5844",5
"5845",4
"5846",6
"5847",2
"5848",3
"5849",4
"5850",3
"5851",9
"5852",8
"5853",5
"5854",4
"5855",3
"5856",3
"5857",7
"5858",9
"5859",4
"5860",7
"5861",4
"5862",8
"5863",12
"5864",0
"5865",7
"5866",5
"5867",10
"5868",8
"5869",11
"5870",5
"5871",2
"5872",11
"5873",5
"5874",3
"5875",10
"5876",14
"5877",6
"5878",4
"5879",7
"5880",11
"5881",4
"5882",10
"5883",8
"5884",5
"5885",5
"5886",5
"5887",7
"5888",6
"5889",4
"5890",13
"5891",9
"5892",2
"5893",3
"5894",11
"5895",13
"5896",2
"5897",7
"5898",5
"5899",5
"5900",11
"5901",5
"5902",3
"5903",1
"5904",2
"5905",9
"5906",5
"5907",1
"5908",7
"5909",7
"5910",1
"5911",1
"5912",5
"5913",2
"5914",0
"5915",5
"5916",10
"5917",7
"5918",5
"5919",5
"5920",12
"5921",5
"5922",7
"5923",7
"5924",7
"5925",12
"5926",4
"5927",3
"5928",11
"5929",5
"5930",10
"5931",2
"5932",6
"5933",4
"5934",5
"5935",5
"5936",6
"5937",14
"5938",3
"5939",2
"5940",9
"5941",7
"5942",6
"5943",10
"5944",10
"5945",5
"5946",2
"5947",4
"5948",5
"5949",11
"5950",4
"5951",9
"5952",9
"5953",10
"5954",9
"5955",5
"5956",11
"5957",11
"5958",2
"5959",4
"5960",2
"5961",2
"5962",11
"5963",5
"5964",7
"5965",10
"5966",6
"5967",6
"5968",7
"5969",13
"5970",8
"5971",6
"5972",0
"5973",3
"5974",10
"5975",6
"5976",6
"5977",6
"5978",1
"5979",2
"5980",12
"5981",2
"5982",11
"5983",9
"5984",2
"5985",5
"5986",5
"5987",6
"5988",7
"5989",5
"5990",4
"5991",6
"5992",7
"5993",5
"5994",5
"5995",2
"5996",2
"5997",5
"5998",3
"5999",1
"6000",6
"6001",12
"6002",10
"6003",7
"6004",11
"6005",7
"6006",5
"6007",6
"6008",4
"6009",2
"6010",8
"6011",11
"6012",6
"6013",0
"6014",8
"6015",4
"6016",14
"6017",11
"6018",7
"6019",6
"6020",11
"6021",1
"6022",7
"6023",11
"6024",2
"6025",4
"6026",10
"6027",10
"6028",9
"6029",6
"6030",6
"6031",7
"6032",1
"6033",11
"6034",7
"6035",8
"6036",11
"6037",2
"6038",7
"6039",9
"6040",5
"6041",5
"6042",5
"6043",11
"6044",4
"6045",4
"6046",7
"6047",10
"6048",5
"6049",4
"6050",8
"6051",4
"6052",2
"6053",11
"6054",8
"6055",11
"6056",8
"6057",2
"6058",10
"6059",5
"6060",7
"6061",6
"6062",9
"6063",15
"6064",6
"6065",1
"6066",5
"6067",8
"6068",9
"6069",9
"6070",1
"6071",4
"6072",6
"6073",6
"6074",10
"6075",3
"6076",8
"6077",5
"6078",10
"6079",7
"6080",6
"6081",9
"6082",10
"6083",5
"6084",5
"6085",6
"6086",9
"6087",3
"6088",5
"6089",6
"6090",5
"6091",3
"6092",8
"6093",2
"6094",3
"6095",6
"6096",9
"6097",0
"6098",4
"6099",6
"6100",1
"6101",13
"6102",4
"6103",9
"6104",13
"6105",5
"6106",0
"6107",7
"6108",2
"6109",4
"6110",6
"6111",7
"6112",12
"6113",7
"6114",6
"6115",0
"6116",3
"6117",8
"6118",0
"6119",1
"6120",4
"6121",10
"6122",4
"6123",12
"6124",9
"6125",8
"6126",5
"6127",6
"6128",5
"6129",2
"6130",1
"6131",9
"6132",5
"6133",5
"6134",2
"6135",3
"6136",3
"6137",4
"6138",1
"6139",8
"6140",2
"6141",7
"6142",3
"6143",14
"6144",3
"6145",7
"6146",2
"6147",5
"6148",3
"6149",3
"6150",14
"6151",5
"6152",9
"6153",5
"6154",8
"6155",11
"6156",7
"6157",13
"6158",5
"6159",3
"6160",5
"6161",8
"6162",8
"6163",2
"6164",5
"6165",0
"6166",0
"6167",4
"6168",4
"6169",11
"6170",8
"6171",11
"6172",8
"6173",5
"6174",12
"6175",6
"6176",2
"6177",3
"6178",5
"6179",2
"6180",10
"6181",2
"6182",3
"6183",2
"6184",0
"6185",13
"6186",9
"6187",7
"6188",5
"6189",9
"6190",11
"6191",6
"6192",7
"6193",8
"6194",8
"6195",6
"6196",2
"6197",14
"6198",7
"6199",1
"6200",7
"6201",11
"6202",7
"6203",9
"6204",10
"6205",6
"6206",9
"6207",12
"6208",5
"6209",3
"6210",10
"6211",3
"6212",7
"6213",10
"6214",8
"6215",7
"6216",3
"6217",4
"6218",6
"6219",9
"6220",5
"6221",2
"6222",5
"6223",8
"6224",10
"6225",5
"6226",2
"6227",9
"6228",6
"6229",13
"6230",5
"6231",1
"6232",6
"6233",9
"6234",10
"6235",10
"6236",1
"6237",1
"6238",5
"6239",14
"6240",7
"6241",6
"6242",13
"6243",7
"6244",7
"6245",5
"6246",8
"6247",10
"6248",6
"6249",12
"6250",9
"6251",5
"6252",13
"6253",4
"6254",4
"6255",1
"6256",3
"6257",8
"6258",7
"6259",5
"6260",9
"6261",4
"6262",7
"6263",9
"6264",14
"6265",4
"6266",0
"6267",1
"6268",7
"6269",7
"6270",8
"6271",7
"6272",8
"6273",5
"6274",9
"6275",6
"6276",1
"6277",5
"6278",5
"6279",1
"6280",14
"6281",8
"6282",10
"6283",6
"6284",6
"6285",8
"6286",11
"6287",11
"6288",11
"6289",8
"6290",6
"6291",8
"6292",5
"6293",4
"6294",5
"6295",8
"6296",4
"6297",7
"6298",3
"6299",3
"6300",9
"6301",2
"6302",10
"6303",6
"6304",10
"6305",11
"6306",10
"6307",9
"6308",7
"6309",3
"6310",6
"6311",7
"6312",5
"6313",6
"6314",2
"6315",5
"6316",2
"6317",9
"6318",8
"6319",12
"6320",6
"6321",1
"6322",3
"6323",7
"6324",7
"6325",5
"6326",5
"6327",0
"6328",3
"6329",6
"6330",8
"6331",12
"6332",9
"6333",11
"6334",10
"6335",2
"6336",10
"6337",4
"6338",4
"6339",5
"6340",8
"6341",4
"6342",5
"6343",3
"6344",1
"6345",2
"6346",4
"6347",9
"6348",9
"6349",0
"6350",5
"6351",8
"6352",6
"6353",1
"6354",2
"6355",7
"6356",1
"6357",6
"6358",10
"6359",5
"6360",8
"6361",9
"6362",3
"6363",10
"6364",7
"6365",3
"6366",7
"6367",12
"6368",8
"6369",4
"6370",1
"6371",9
"6372",13
"6373",2
"6374",1
"6375",1
"6376",4
"6377",10
"6378",2
"6379",6
"6380",0
"6381",8
"6382",8
"6383",1
"6384",9
"6385",7
"6386",7
"6387",8
"6388",4
"6389",6
"6390",11
"6391",8
"6392",3
"6393",5
"6394",6
"6395",2
"6396",7
"6397",3
"6398",1
"6399",3
"6400",6
"6401",2
"6402",7
"6403",2
"6404",3
"6405",1
"6406",3
"6407",13
"6408",7
"6409",8
"6410",7
"6411",9
"6412",3
"6413",7
"6414",4
"6415",4
"6416",6
"6417",5
"6418",0
"6419",6
"6420",10
"6421",7
"6422",6
"6423",2
"6424",9
"6425",3
"6426",13
"6427",5
"6428",6
"6429",2
"6430",10
"6431",7
"6432",6
"6433",6
"6434",8
"6435",13
"6436",7
"6437",5
"6438",3
"6439",5
"6440",3
"6441",6
"6442",5
"6443",7
"6444",4
"6445",11
"6446",10
"6447",8
"6448",3
"6449",6
"6450",7
"6451",2
"6452",7
"6453",4
"6454",6
"6455",11
"6456",2
"6457",5
"6458",5
"6459",6
"6460",9
"6461",0
"6462",4
"6463",10
"6464",6
"6465",8
"6466",7
"6467",1
"6468",4
"6469",9
"6470",1
"6471",3
"6472",6
"6473",5
"6474",0
"6475",9
"6476",9
"6477",13
"6478",0
"6479",1
"6480",7
"6481",10
"6482",12
"6483",1
"6484",3
"6485",4
"6486",7
"6487",8
"6488",14
"6489",2
"6490",8
"6491",7
"6492",5
"6493",4
"6494",2
"6495",3
"6496",8
"6497",5
"6498",5
"6499",7
"6500",11
"6501",7
"6502",8
"6503",4
"6504",8
"6505",9
"6506",8
"6507",6
"6508",12
"6509",3
"6510",7
"6511",6
"6512",13
"6513",8
"6514",8
"6515",13
"6516",3
"6517",7
"6518",12
"6519",4
"6520",3
"6521",5
"6522",6
"6523",10
"6524",8
"6525",0
"6526",10
"6527",7
"6528",9
"6529",1
"6530",1
"6531",11
"6532",1
"6533",3
"6534",6
"6535",2
"6536",10
"6537",2
"6538",3
"6539",11
"6540",3
"6541",6
"6542",11
"6543",9
"6544",2
"6545",13
"6546",4
"6547",7
"6548",4
"6549",1
"6550",6
"6551",14
"6552",6
"6553",0
"6554",6
"6555",7
"6556",4
"6557",2
"6558",7
"6559",4
"6560",5
"6561",8
"6562",1
"6563",8
"6564",5
"6565",4
"6566",8
"6567",6
"6568",6
"6569",2
"6570",13
"6571",6
"6572",7
"6573",3
"6574",2
"6575",3
"6576",4
"6577",14
"6578",8
"6579",7
"6580",9
"6581",0
"6582",5
"6583",3
"6584",1
"6585",8
"6586",7
"6587",11
"6588",2
"6589",8
"6590",11
"6591",1
"6592",10
"6593",6
"6594",12
"6595",4
"6596",6
"6597",5
"6598",7
"6599",3
"6600",1
"6601",2
"6602",7
"6603",6
"6604",6
"6605",5
"6606",4
"6607",10
"6608",10
"6609",9
"6610",4
"6611",3
"6612",7
"6613",10
"6614",5
"6615",10
"6616",10
"6617",1
"6618",6
"6619",8
"6620",8
"6621",10
"6622",5
"6623",2
"6624",13
"6625",4
"6626",4
"6627",1
"6628",3
"6629",3
"6630",9
"6631",8
"6632",2
"6633",9
"6634",3
"6635",11
"6636",2
"6637",6
"6638",9
"6639",5
"6640",5
"6641",1
"6642",1
"6643",5
"6644",5
"6645",4
"6646",1
"6647",4
"6648",4
"6649",3
"6650",10
"6651",2
"6652",5
"6653",9
"6654",5
"6655",3
"6656",1
"6657",5
"6658",8
"6659",3
"6660",12
"6661",9
"6662",10
"6663",4
"6664",9
"6665",3
"6666",2
"6667",5
"6668",1
"6669",4
"6670",1
"6671",6
"6672",3
"6673",8
"6674",6
"6675",3
"6676",7
"6677",3
"6678",10
"6679",13
"6680",5
"6681",0
"6682",11
"6683",5
"6684",9
"6685",2
"6686",9
"6687",7
"6688",6
"6689",11
"6690",3
"6691",3
"6692",8
"6693",10
"6694",3
"6695",13
"6696",8
"6697",7
"6698",7
"6699",0
"6700",5
"6701",9
"6702",7
"6703",2
"6704",8
"6705",7
"6706",11
"6707",5
"6708",10
"6709",5
"6710",6
"6711",1
"6712",10
"6713",11
"6714",4
"6715",5
"6716",5
"6717",8
"6718",5
"6719",3
"6720",11
"6721",6
"6722",3
"6723",6
"6724",9
"6725",10
"6726",8
"6727",1
"6728",7
"6729",4
"6730",4
"6731",5
"6732",8
"6733",9
"6734",2
"6735",1
"6736",3
"6737",6
"6738",4
"6739",2
"6740",7
"6741",6
"6742",3
"6743",11
"6744",8
"6745",0
"6746",1
"6747",10
"6748",5
"6749",8
"6750",9
"6751",9
"6752",12
"6753",4
"6754",12
"6755",4
"6756",11
"6757",10
"6758",11
"6759",5
"6760",3
"6761",4
"6762",3
"6763",8
"6764",6
"6765",3
"6766",7
"6767",6
"6768",7
"6769",11
"6770",3
"6771",6
"6772",11
"6773",4
"6774",4
"6775",3
"6776",9
"6777",5
"6778",7
"6779",0
"6780",5
"6781",6
"6782",8
"6783",4
"6784",9
"6785",12
"6786",9
"6787",12
"6788",1
"6789",8
"6790",3
"6791",10
"6792",3
"6793",10
"6794",5
"6795",5
"6796",7
"6797",5
"6798",8
"6799",10
"6800",4
"6801",8
"6802",7
"6803",8
"6804",5
"6805",8
"6806",12
"6807",6
"6808",0
"6809",5
"6810",3
"6811",13
"6812",5
"6813",5
"6814",3
"6815",5
"6816",6
"6817",4
"6818",6
"6819",6
"6820",1
"6821",15
"6822",6
"6823",4
"6824",8
"6825",9
"6826",6
"6827",3
"6828",6
"6829",5
"6830",2
"6831",0
"6832",5
"6833",7
"6834",14
"6835",9
"6836",6
"6837",4
"6838",5
"6839",2
"6840",0
"6841",8
"6842",10
"6843",0
"6844",8
"6845",10
"6846",2
"6847",3
"6848",10
"6849",4
"6850",6
"6851",4
"6852",8
"6853",7
"6854",5
"6855",4
"6856",2
"6857",11
"6858",3
"6859",6
"6860",13
"6861",8
"6862",4
"6863",14
"6864",6
"6865",9
"6866",2
"6867",5
"6868",4
"6869",14
"6870",7
"6871",4
"6872",14
"6873",2
"6874",9
"6875",1
"6876",5
"6877",14
"6878",5
"6879",2
"6880",13
"6881",8
"6882",8
"6883",7
"6884",6
"6885",6
"6886",3
"6887",9
"6888",11
"6889",13
"6890",2
"6891",12
"6892",5
"6893",7
"6894",2
"6895",6
"6896",7
"6897",0
"6898",4
"6899",4
"6900",10
"6901",6
"6902",3
"6903",8
"6904",11
"6905",1
"6906",6
"6907",7
"6908",5
"6909",2
"6910",3
"6911",2
"6912",11
"6913",5
"6914",7
"6915",2
"6916",2
"6917",9
"6918",10
"6919",10
"6920",8
"6921",7
"6922",2
"6923",7
"6924",4
"6925",9
"6926",6
"6927",4
"6928",11
"6929",10
"6930",7
"6931",2
"6932",8
"6933",10
"6934",7
"6935",8
"6936",0
"6937",4
"6938",3
"6939",5
"6940",11
"6941",7
"6942",11
"6943",10
"6944",5
"6945",6
"6946",6
"6947",6
"6948",10
"6949",11
"6950",3
"6951",9
"6952",6
"6953",3
"6954",10
"6955",12
"6956",8
"6957",11
"6958",3
"6959",2
"6960",6
"6961",4
"6962",8
"6963",3
"6964",11
"6965",3
"6966",15
"6967",7
"6968",4
"6969",2
"6970",4
"6971",3
"6972",2
"6973",7
"6974",10
"6975",4
"6976",6
"6977",9
"6978",7
"6979",7
"6980",4
"6981",2
"6982",3
"6983",5
"6984",8
"6985",9
"6986",3
"6987",9
"6988",5
"6989",8
"6990",10
"6991",8
"6992",7
"6993",4
"6994",3
"6995",7
"6996",1
"6997",0
"6998",5
"6999",2
"7000",5
"7001",14
"7002",1
"7003",3
"7004",10
"7005",4
"7006",8
"7007",8
"7008",9
"7009",6
"7010",5
"7011",5
"7012",9
"7013",9
"7014",6
"7015",2
"7016",3
"7017",9
"7018",4
"7019",3
"7020",8
"7021",2
"7022",2
"7023",8
"7024",1
"7025",6
"7026",6
"7027",12
"7028",1
"7029",11
"7030",2
"7031",8
"7032",5
"7033",7
"7034",12
"7035",3
"7036",8
"7037",6
"7038",9
"7039",1
"7040",3
"7041",5
"7042",7
"7043",3
"7044",5
"7045",9
"7046",7
"7047",4
"7048",5
"7049",2
"7050",5
"7051",9
"7052",0
"7053",2
"7054",3
"7055",5
"7056",5
"7057",11
"7058",5
"7059",6
"7060",6
"7061",6
"7062",6
"7063",8
"7064",5
"7065",9
"7066",7
"7067",6
"7068",10
"7069",11
"7070",7
"7071",6
"7072",3
"7073",2
"7074",2
"7075",9
"7076",2
"7077",5
"7078",7
"7079",9
"7080",5
"7081",12
"7082",8
"7083",6
"7084",13
"7085",7
"7086",9
"7087",8
"7088",1
"7089",6
"7090",11
"7091",8
"7092",4
"7093",6
"7094",8
"7095",4
"7096",10
"7097",4
"7098",11
"7099",13
"7100",6
"7101",4
"7102",1
"7103",8
"7104",10
"7105",14
"7106",3
"7107",5
"7108",4
"7109",6
"7110",9
"7111",8
"7112",3
"7113",7
"7114",10
"7115",5
"7116",4
"7117",12
"7118",3
"7119",6
"7120",4
"7121",2
"7122",5
"7123",4
"7124",10
"7125",2
"7126",5
"7127",2
"7128",8
"7129",5
"7130",9
"7131",6
"7132",9
"7133",9
"7134",0
"7135",9
"7136",1
"7137",11
"7138",4
"7139",11
"7140",2
"7141",3
"7142",9
"7143",0
"7144",7
"7145",7
"7146",9
"7147",2
"7148",2
"7149",7
"7150",3
"7151",2
"7152",11
"7153",5
"7154",3
"7155",11
"7156",4
"7157",7
"7158",4
"7159",2
"7160",9
"7161",2
"7162",13
"7163",4
"7164",14
"7165",3
"7166",5
"7167",3
"7168",8
"7169",7
"7170",2
"7171",1
"7172",6
"7173",3
"7174",8
"7175",6
"7176",12
"7177",3
"7178",6
"7179",13
"7180",7
"7181",4
"7182",8
"7183",6
"7184",11
"7185",2
"7186",2
"7187",5
"7188",9
"7189",4
"7190",6
"7191",1
"7192",7
"7193",5
"7194",6
"7195",12
"7196",8
"7197",8
"7198",8
"7199",10
"7200",6
"7201",6
"7202",7
"7203",11
"7204",4
"7205",6
"7206",4
"7207",1
"7208",6
"7209",10
"7210",14
"7211",6
"7212",8
"7213",6
"7214",7
"7215",8
"7216",11
"7217",9
"7218",5
"7219",1
"7220",11
"7221",8
"7222",3
"7223",8
"7224",7
"7225",11
"7226",0
"7227",11
"7228",4
"7229",3
"7230",2
"7231",7
"7232",8
"7233",6
"7234",3
"7235",7
"7236",6
"7237",7
"7238",7
"7239",8
"7240",10
"7241",11
"7242",3
"7243",2
"7244",4
"7245",3
"7246",8
"7247",2
"7248",4
"7249",6
"7250",4
"7251",13
"7252",9
"7253",3
"7254",8
"7255",5
"7256",7
"7257",4
"7258",3
"7259",3
"7260",13
"7261",3
"7262",7
"7263",6
"7264",1
"7265",5
"7266",6
"7267",0
"7268",7
"7269",3
"7270",7
"7271",10
"7272",1
"7273",4
"7274",5
"7275",8
"7276",6
"7277",7
"7278",3
"7279",5
"7280",7
"7281",9
"7282",7
"7283",6
"7284",5
"7285",11
"7286",4
"7287",10
"7288",6
"7289",13
"7290",8
"7291",6
"7292",12
"7293",0
"7294",2
"7295",10
"7296",9
"7297",4
"7298",5
"7299",1
"7300",2
"7301",9
"7302",7
"7303",9
"7304",8
"7305",11
"7306",5
"7307",3
"7308",8
"7309",10
"7310",8
"7311",10
"7312",2
"7313",1
"7314",2
"7315",15
"7316",9
"7317",5
"7318",11
"7319",9
"7320",8
"7321",4
"7322",13
"7323",9
"7324",10
"7325",9
"7326",0
"7327",8
"7328",10
"7329",5
"7330",0
"7331",10
"7332",6
"7333",4
"7334",1
"7335",12
"7336",3
"7337",11
"7338",4
"7339",5
"7340",15
"7341",7
"7342",7
"7343",1
"7344",2
"7345",7
"7346",7
"7347",9
"7348",8
"7349",5
"7350",8
"7351",7
"7352",8
"7353",1
"7354",13
"7355",10
"7356",5
"7357",6
"7358",7
"7359",8
"7360",6
"7361",11
"7362",2
"7363",7
"7364",5
"7365",3
"7366",2
"7367",9
"7368",5
"7369",10
"7370",3
"7371",6
"7372",2
"7373",3
"7374",0
"7375",3
"7376",12
"7377",7
"7378",4
"7379",4
"7380",7
"7381",9
"7382",13
"7383",9
"7384",5
"7385",7
"7386",8
"7387",15
"7388",5
"7389",5
"7390",7
"7391",3
"7392",2
"7393",10
"7394",12
"7395",6
"7396",11
"7397",5
"7398",5
"7399",11
"7400",7
"7401",10
"7402",4
"7403",4
"7404",14
"7405",0
"7406",1
"7407",7
"7408",7
"7409",5
"7410",9
"7411",0
"7412",5
"7413",5
"7414",4
"7415",3
"7416",3
"7417",10
"7418",3
"7419",10
"7420",6
"7421",6
"7422",2
"7423",1
"7424",4
"7425",2
"7426",5
"7427",10
"7428",7
"7429",12
"7430",4
"7431",6
"7432",7
"7433",10
"7434",13
"7435",6
"7436",3
"7437",6
"7438",7
"7439",15
"7440",3
"7441",13
"7442",5
"7443",0
"7444",8
"7445",11
"7446",12
"7447",0
"7448",2
"7449",5
"7450",7
"7451",7
"7452",11
"7453",9
"7454",4
"7455",8
"7456",9
"7457",8
"7458",9
"7459",4
"7460",6
"7461",12
"7462",5
"7463",4
"7464",10
"7465",3
"7466",10
"7467",9
"7468",14
"7469",2
"7470",3
"7471",8
"7472",7
"7473",9
"7474",1
"7475",4
"7476",4
"7477",0
"7478",6
"7479",7
"7480",9
"7481",9
"7482",1
"7483",12
"7484",2
"7485",9
"7486",4
"7487",4
"7488",2
"7489",3
"7490",8
"7491",6
"7492",4
"7493",3
"7494",3
"7495",8
"7496",5
"7497",10
"7498",8
"7499",6
"7500",6
"7501",9
"7502",1
"7503",0
"7504",6
"7505",1
"7506",0
"7507",9
"7508",4
"7509",2
"7510",5
"7511",2
"7512",9
"7513",10
"7514",4
"7515",14
"7516",5
"7517",2
"7518",8
"7519",9
"7520",10
"7521",7
"7522",9
"7523",7
"7524",8
"7525",7
"7526",8
"7527",8
"7528",12
"7529",7
"7530",3
"7531",5
"7532",6
"7533",7
"7534",1
"7535",12
"7536",10
"7537",7
"7538",8
"7539",10
"7540",10
"7541",2
"7542",8
"7543",7
"7544",7
"7545",1
"7546",13
"7547",2
"7548",3
"7549",7
"7550",1
"7551",10
"7552",13
"7553",7
"7554",7
"7555",6
"7556",9
"7557",2
"7558",10
"7559",5
"7560",15
"7561",4
"7562",4
"7563",7
"7564",6
"7565",10
"7566",6
"7567",6
"7568",5
"7569",3
"7570",6
"7571",1
"7572",2
"7573",1
"7574",6
"7575",1
"7576",5
"7577",7
"7578",7
"7579",5
"7580",6
"7581",3
"7582",5
"7583",14
"7584",10
"7585",3
"7586",9
"7587",9
"7588",9
"7589",11
"7590",9
"7591",4
"7592",8
"7593",5
"7594",10
"7595",7
"7596",6
"7597",2
"7598",4
"7599",6
"7600",4
"7601",0
"7602",3
"7603",7
"7604",13
"7605",3
"7606",2
"7607",4
"7608",10
"7609",4
"7610",6
"7611",4
"7612",14
"7613",5
"7614",8
"7615",4
"7616",8
"7617",3
"7618",5
"7619",7
"7620",3
"7621",6
"7622",8
"7623",3
"7624",2
"7625",5
"7626",1
"7627",10
"7628",10
"7629",6
"7630",5
"7631",7
"7632",12
"7633",8
"7634",9
"7635",6
"7636",8
"7637",9
"7638",6
"7639",5
"7640",11
"7641",11
"7642",2
"7643",8
"7644",3
"7645",11
"7646",13
"7647",5
"7648",9
"7649",4
"7650",10
"7651",7
"7652",6
"7653",9
"7654",6
"7655",1
"7656",9
"7657",4
"7658",1
"7659",5
"7660",6
"7661",5
"7662",8
"7663",2
"7664",3
"7665",14
"7666",5
"7667",5
"7668",9
"7669",10
"7670",6
"7671",6
"7672",1
"7673",8
"7674",7
"7675",9
"7676",9
"7677",7
"7678",13
"7679",10
"7680",1
"7681",5
"7682",6
"7683",12
"7684",6
"7685",3
"7686",11
"7687",6
"7688",7
"7689",8
"7690",3
"7691",8
"7692",0
"7693",3
"7694",4
"7695",7
"7696",7
"7697",4
"7698",7
"7699",13
"7700",6
"7701",5
"7702",3
"7703",3
"7704",1
"7705",5
"7706",4
"7707",2
"7708",9
"7709",7
"7710",8
"7711",6
"7712",3
"7713",12
"7714",4
"7715",4
"7716",13
"7717",2
"7718",4
"7719",1
"7720",8
"7721",6
"7722",13
"7723",8
"7724",8
"7725",11
"7726",4
"7727",2
"7728",7
"7729",8
"7730",11
"7731",4
"7732",7
"7733",5
"7734",2
"7735",4
"7736",10
"7737",6
"7738",1
"7739",2
"7740",4
"7741",4
"7742",4
"7743",6
"7744",9
"7745",1
"7746",2
"7747",6
"7748",6
"7749",5
"7750",5
"7751",10
"7752",5
"7753",8
"7754",9
"7755",7
"7756",3
"7757",7
"7758",9
"7759",2
"7760",2
"7761",7
"7762",6
"7763",2
"7764",4
"7765",9
"7766",6
"7767",0
"7768",7
"7769",5
"7770",4
"7771",4
"7772",9
"7773",2
"7774",13
"7775",9
"7776",13
"7777",10
"7778",6
"7779",7
"7780",7
"7781",1
"7782",6
"7783",8
"7784",1
"7785",8
"7786",4
"7787",9
"7788",9
"7789",6
"7790",5
"7791",6
"7792",4
"7793",8
"7794",9
"7795",7
"7796",4
"7797",7
"7798",6
"7799",8
"7800",4
"7801",2
"7802",8
"7803",2
"7804",9
"7805",10
"7806",13
"7807",6
"7808",4
"7809",3
"7810",2
"7811",8
"7812",5
"7813",1
"7814",7
"7815",11
"7816",7
"7817",7
"7818",9
"7819",5
"7820",4
"7821",2
"7822",5
"7823",13
"7824",12
"7825",5
"7826",3
"7827",6
"7828",12
"7829",3
"7830",5
"7831",12
"7832",3
"7833",6
"7834",1
"7835",6
"7836",3
"7837",3
"7838",11
"7839",6
"7840",6
"7841",9
"7842",5
"7843",4
"7844",8
"7845",7
"7846",6
"7847",12
"7848",5
"7849",12
"7850",4
"7851",5
"7852",1
"7853",2
"7854",5
"7855",6
"7856",5
"7857",3
"7858",12
"7859",6
"7860",11
"7861",12
"7862",9
"7863",10
"7864",6
"7865",5
"7866",5
"7867",5
"7868",3
"7869",9
"7870",3
"7871",5
"7872",6
"7873",9
"7874",4
"7875",3
"7876",4
"7877",2
"7878",2
"7879",1
"7880",4
"7881",4
"7882",3
"7883",11
"7884",3
"7885",2
"7886",1
"7887",10
"7888",8
"7889",6
"7890",10
"7891",10
"7892",11
"7893",1
"7894",9
"7895",12
"7896",2
"7897",7
"7898",0
"7899",3
"7900",6
"7901",4
"7902",11
"7903",8
"7904",6
"7905",7
"7906",9
"7907",7
"7908",9
"7909",5
"7910",2
"7911",11
"7912",6
"7913",3
"7914",9
"7915",7
"7916",1
"7917",4
"7918",6
"7919",8
"7920",8
"7921",10
"7922",4
"7923",9
"7924",7
"7925",8
"7926",4
"7927",4
"7928",9
"7929",1
"7930",6
"7931",1
"7932",5
"7933",7
"7934",5
"7935",13
"7936",2
"7937",12
"7938",7
"7939",10
"7940",2
"7941",3
"7942",4
"7943",13
"7944",2
"7945",7
"7946",4
"7947",6
"7948",5
"7949",8
"7950",7
"7951",5
"7952",11
"7953",0
"7954",4
"7955",9
"7956",9
"7957",7
"7958",8
"7959",3
"7960",1
"7961",2
"7962",10
"7963",1
"7964",4
"7965",6
"7966",6
"7967",13
"7968",6
"7969",5
"7970",1
"7971",4
"7972",13
"7973",6
"7974",8
"7975",3
"7976",3
"7977",2
"7978",7
"7979",7
"7980",1
"7981",11
"7982",6
"7983",11
"7984",4
"7985",7
"7986",9
"7987",2
"7988",6
"7989",3
"7990",5
"7991",3
"7992",6
"7993",9
"7994",7
"7995",2
"7996",5
"7997",8
"7998",3
"7999",12
"8000",3
"8001",7
"8002",2
"8003",10
"8004",2
"8005",5
"8006",2
"8007",2
"8008",5
"8009",4
"8010",7
"8011",3
"8012",4
"8013",4
"8014",4
"8015",12
"8016",8
"8017",7
"8018",1
"8019",6
"8020",8
"8021",10
"8022",0
"8023",6
"8024",3
"8025",5
"8026",8
"8027",13
"8028",5
"8029",2
"8030",3
"8031",10
"8032",7
"8033",5
"8034",7
"8035",6
"8036",3
"8037",12
"8038",10
"8039",9
"8040",5
"8041",3
"8042",9
"8043",6
"8044",2
"8045",9
"8046",3
"8047",2
"8048",11
"8049",2
"8050",7
"8051",10
"8052",8
"8053",8
"8054",4
"8055",10
"8056",3
"8057",12
"8058",9
"8059",2
"8060",10
"8061",11
"8062",5
"8063",2
"8064",7
"8065",3
"8066",4
"8067",8
"8068",8
"8069",10
"8070",3
"8071",11
"8072",9
"8073",3
"8074",5
"8075",3
"8076",1
"8077",7
"8078",7
"8079",8
"8080",3
"8081",1
"8082",6
"8083",9
"8084",9
"8085",13
"8086",2
"8087",7
"8088",1
"8089",1
"8090",3
"8091",1
"8092",2
"8093",5
"8094",4
"8095",6
"8096",6
"8097",5
"8098",7
"8099",4
"8100",7
"8101",12
"8102",11
"8103",2
"8104",8
"8105",11
"8106",4
"8107",9
"8108",3
"8109",11
"8110",2
"8111",2
"8112",11
"8113",6
"8114",4
"8115",10
"8116",6
"8117",3
"8118",4
"8119",5
"8120",0
"8121",3
"8122",10
"8123",9
"8124",5
"8125",3
"8126",5
"8127",4
"8128",5
"8129",5
"8130",6
"8131",3
"8132",8
"8133",4
"8134",7
"8135",3
"8136",12
"8137",9
"8138",12
"8139",5
"8140",8
"8141",5
"8142",7
"8143",7
"8144",6
"8145",1
"8146",9
"8147",5
"8148",3
"8149",2
"8150",14
"8151",12
"8152",5
"8153",7
"8154",4
"8155",8
"8156",6
"8157",13
"8158",5
"8159",9
"8160",7
"8161",6
"8162",11
"8163",11
"8164",8
"8165",4
"8166",4
"8167",2
"8168",5
"8169",4
"8170",2
"8171",5
"8172",4
"8173",9
"8174",6
"8175",4
"8176",3
"8177",5
"8178",3
"8179",12
"8180",13
"8181",6
"8182",3
"8183",8
"8184",11
"8185",3
"8186",9
"8187",1
"8188",13
"8189",0
"8190",0
"8191",13
"8192",10
"8193",8
"8194",2
"8195",2
"8196",8
"8197",4
"8198",6
"8199",8
"8200",5
"8201",9
"8202",5
"8203",10
"8204",4
"8205",4
"8206",8
"8207",8
"8208",3
"8209",9
"8210",9
"8211",4
"8212",11
"8213",1
"8214",7
"8215",5
"8216",9
"8217",3
"8218",4
"8219",0
"8220",4
"8221",5
"8222",8
"8223",10
"8224",8
"8225",8
"8226",8
"8227",5
"8228",5
"8229",7
"8230",2
"8231",5
"8232",12
"8233",8
"8234",6
"8235",7
"8236",6
"8237",2
"8238",7
"8239",2
"8240",14
"8241",1
"8242",8
"8243",2
"8244",8
"8245",12
"8246",3
"8247",6
"8248",1
"8249",5
"8250",7
"8251",5
"8252",0
"8253",8
"8254",8
"8255",12
"8256",7
"8257",5
"8258",11
"8259",5
"8260",11
"8261",11
"8262",14
"8263",10
"8264",5
"8265",4
"8266",6
"8267",3
"8268",4
"8269",8
"8270",12
"8271",11
"8272",3
"8273",7
"8274",7
"8275",11
"8276",11
"8277",5
"8278",6
"8279",10
"8280",8
"8281",3
"8282",11
"8283",7
"8284",1
"8285",6
"8286",3
"8287",5
"8288",2
"8289",14
"8290",9
"8291",8
"8292",1
"8293",1
"8294",6
"8295",7
"8296",6
"8297",5
"8298",7
"8299",2
"8300",6
"8301",3
"8302",9
"8303",13
"8304",0
"8305",9
"8306",5
"8307",1
"8308",8
"8309",7
"8310",4
"8311",2
"8312",6
"8313",8
"8314",3
"8315",12
"8316",3
"8317",11
"8318",10
"8319",3
"8320",3
"8321",5
"8322",4
"8323",3
"8324",7
"8325",7
"8326",6
"8327",0
"8328",1
"8329",6
"8330",12
"8331",7
"8332",4
"8333",8
"8334",1
"8335",7
"8336",13
"8337",8
"8338",8
"8339",11
"8340",10
"8341",5
"8342",8
"8343",1
"8344",3
"8345",1
"8346",0
"8347",11
"8348",13
"8349",10
"8350",8
"8351",6
"8352",2
"8353",4
"8354",5
"8355",6
"8356",5
"8357",4
"8358",2
"8359",2
"8360",6
"8361",5
"8362",4
"8363",13
"8364",6
"8365",7
"8366",9
"8367",15
"8368",5
"8369",12
"8370",6
"8371",7
"8372",8
"8373",3
"8374",9
"8375",10
"8376",0
"8377",7
"8378",2
"8379",7
"8380",8
"8381",2
"8382",7
"8383",4
"8384",7
"8385",11
"8386",4
"8387",1
"8388",6
"8389",9
"8390",1
"8391",3
"8392",8
"8393",2
"8394",9
"8395",10
"8396",8
"8397",14
"8398",9
"8399",8
"8400",4
"8401",10
"8402",1
"8403",12
"8404",10
"8405",8
"8406",8
"8407",9
"8408",8
"8409",7
"8410",4
"8411",1
"8412",6
"8413",2
"8414",4
"8415",9
"8416",8
"8417",8
"8418",7
"8419",6
"8420",4
"8421",3
"8422",1
"8423",9
"8424",8
"8425",11
"8426",7
"8427",7
"8428",5
"8429",4
"8430",9
"8431",1
"8432",6
"8433",8
"8434",9
"8435",9
"8436",8
"8437",5
"8438",5
"8439",9
"8440",2
"8441",7
"8442",5
"8443",9
"8444",1
"8445",10
"8446",8
"8447",6
"8448",6
"8449",10
"8450",8
"8451",6
"8452",10
"8453",6
"8454",6
"8455",11
"8456",9
"8457",8
"8458",10
"8459",3
"8460",9
"8461",3
"8462",7
"8463",4
"8464",5
"8465",10
"8466",7
"8467",10
"8468",6
"8469",9
"8470",2
"8471",12
"8472",6
"8473",5
"8474",3
"8475",7
"8476",12
"8477",8
"8478",6
"8479",8
"8480",0
"8481",5
"8482",14
"8483",5
"8484",9
"8485",6
"8486",4
"8487",10
"8488",4
"8489",9
"8490",9
"8491",2
"8492",6
"8493",11
"8494",7
"8495",10
"8496",5
"8497",9
"8498",6
"8499",7
"8500",3
"8501",4
"8502",7
"8503",6
"8504",2
"8505",9
"8506",10
"8507",8
"8508",1
"8509",9
"8510",9
"8511",3
"8512",5
"8513",8
"8514",1
"8515",12
"8516",3
"8517",11
"8518",8
"8519",6
"8520",11
"8521",10
"8522",6
"8523",12
"8524",1
"8525",7
"8526",8
"8527",0
"8528",8
"8529",2
"8530",6
"8531",5
"8532",5
"8533",5
"8534",6
"8535",2
"8536",8
"8537",13
"8538",6
"8539",4
"8540",2
"8541",4
"8542",7
"8543",6
"8544",5
"8545",5
"8546",8
"8547",2
"8548",6
"8549",5
"8550",2
"8551",4
"8552",2
"8553",1
"8554",6
"8555",11
"8556",5
"8557",6
"8558",3
"8559",3
"8560",15
"8561",4
"8562",6
"8563",9
"8564",5
"8565",7
"8566",9
"8567",2
"8568",3
"8569",9
"8570",6
"8571",5
"8572",11
"8573",1
"8574",7
"8575",12
"8576",1
"8577",11
"8578",11
"8579",5
"8580",5
"8581",4
"8582",7
"8583",3
"8584",13
"8585",3
"8586",3
"8587",0
"8588",4
"8589",0
"8590",3
"8591",7
"8592",14
"8593",7
"8594",12
"8595",13
"8596",6
"8597",10
"8598",8
"8599",4
"8600",6
"8601",11
"8602",2
"8603",7
"8604",2
"8605",3
"8606",7
"8607",8
"8608",5
"8609",8
"8610",3
"8611",11
"8612",9
"8613",7
"8614",1
"8615",6
"8616",5
"8617",3
"8618",7
"8619",4
"8620",2
"8621",15
"8622",2
"8623",7
"8624",8
"8625",4
"8626",12
"8627",7
"8628",6
"8629",8
"8630",7
"8631",6
"8632",8
"8633",4
"8634",4
"8635",1
"8636",7
"8637",11
"8638",8
"8639",10
"8640",4
"8641",12
"8642",7
"8643",4
"8644",2
"8645",12
"8646",13
"8647",8
"8648",10
"8649",8
"8650",11
"8651",8
"8652",9
"8653",4
"8654",7
"8655",13
"8656",5
"8657",0
"8658",8
"8659",4
"8660",4
"8661",5
"8662",6
"8663",2
"8664",13
"8665",7
"8666",8
"8667",10
"8668",4
"8669",1
"8670",4
"8671",9
"8672",8
"8673",5
"8674",7
"8675",9
"8676",9
"8677",9
"8678",4
"8679",2
"8680",11
"8681",4
"8682",4
"8683",5
"8684",6
"8685",8
"8686",2
"8687",10
"8688",6
"8689",3
"8690",6
"8691",1
"8692",9
"8693",2
"8694",3
"8695",12
"8696",8
"8697",5
"8698",4
"8699",2
"8700",6
"8701",8
"8702",5
"8703",1
"8704",3
"8705",2
"8706",7
"8707",5
"8708",9
"8709",7
"8710",6
"8711",5
"8712",10
"8713",6
"8714",6
"8715",14
"8716",3
"8717",11
"8718",7
"8719",5
"8720",5
"8721",4
"8722",3
"8723",15
"8724",4
"8725",7
"8726",4
"8727",11
"8728",2
"8729",11
"8730",6
"8731",9
"8732",2
"8733",2
"8734",3
"8735",5
"8736",3
"8737",8
"8738",2
"8739",10
"8740",9
"8741",6
"8742",8
"8743",10
"8744",5
"8745",10
"8746",8
"8747",3
"8748",9
"8749",13
"8750",7
"8751",7
"8752",5
"8753",13
"8754",4
"8755",9
"8756",5
"8757",5
"8758",5
"8759",3
"8760",8
"8761",5
"8762",7
"8763",0
"8764",2
"8765",3
"8766",8
"8767",5
"8768",8
"8769",6
"8770",4
"8771",4
"8772",7
"8773",3
"8774",1
"8775",7
"8776",7
"8777",9
"8778",4
"8779",7
"8780",7
"8781",5
"8782",7
"8783",3
"8784",13
"8785",9
"8786",9
"8787",6
"8788",4
"8789",6
"8790",4
"8791",9
"8792",4
"8793",12
"8794",11
"8795",5
"8796",1
"8797",3
"8798",1
"8799",7
"8800",5
"8801",13
"8802",3
"8803",12
"8804",0
"8805",7
"8806",7
"8807",11
"8808",3
"8809",11
"8810",5
"8811",1
"8812",9
"8813",5
"8814",14
"8815",6
"8816",13
"8817",8
"8818",10
"8819",5
"8820",6
"8821",4
"8822",6
"8823",8
"8824",6
"8825",6
"8826",3
"8827",8
"8828",7
"8829",10
"8830",0
"8831",11
"8832",2
"8833",9
"8834",11
"8835",2
"8836",4
"8837",5
"8838",5
"8839",10
"8840",5
"8841",9
"8842",2
"8843",7
"8844",6
"8845",4
"8846",7
"8847",6
"8848",4
"8849",6
"8850",6
"8851",0
"8852",6
"8853",12
"8854",5
"8855",10
"8856",7
"8857",6
"8858",4
"8859",12
"8860",3
"8861",11
"8862",3
"8863",0
"8864",10
"8865",11
"8866",3
"8867",3
"8868",10
"8869",4
"8870",14
"8871",11
"8872",12
"8873",12
"8874",12
"8875",10
"8876",3
"8877",7
"8878",8
"8879",4
"8880",5
"8881",11
"8882",1
"8883",7
"8884",0
"8885",15
"8886",8
"8887",7
"8888",3
"8889",2
"8890",4
"8891",9
"8892",11
"8893",4
"8894",4
"8895",2
"8896",7
"8897",4
"8898",8
"8899",3
"8900",4
"8901",3
"8902",3
"8903",9
"8904",3
"8905",10
"8906",6
"8907",5
"8908",10
"8909",8
"8910",11
"8911",9
"8912",5
"8913",2
"8914",9
"8915",6
"8916",10
"8917",8
"8918",9
"8919",1
"8920",3
"8921",11
"8922",7
"8923",3
"8924",3
"8925",3
"8926",2
"8927",2
"8928",10
"8929",9
"8930",3
"8931",7
"8932",4
"8933",7
"8934",7
"8935",2
"8936",8
"8937",10
"8938",4
"8939",3
"8940",4
"8941",10
"8942",6
"8943",2
"8944",11
"8945",3
"8946",9
"8947",13
"8948",7
"8949",6
"8950",5
"8951",1
"8952",2
"8953",3
"8954",3
"8955",4
"8956",9
"8957",3
"8958",0
"8959",6
"8960",8
"8961",8
"8962",10
"8963",3
"8964",12
"8965",13
"8966",9
"8967",6
"8968",12
"8969",3
"8970",8
"8971",7
"8972",11
"8973",10
"8974",11
"8975",10
"8976",13
"8977",2
"8978",3
"8979",1
"8980",2
"8981",5
"8982",9
"8983",8
"8984",7
"8985",2
"8986",10
"8987",1
"8988",7
"8989",11
"8990",7
"8991",4
"8992",10
"8993",9
"8994",1
"8995",4
"8996",5
"8997",9
"8998",6
"8999",4
"9000",9
"9001",10
"9002",0
"9003",10
"9004",6
"9005",6
"9006",4
"9007",4
"9008",6
"9009",2
"9010",4
"9011",6
"9012",7
"9013",10
"9014",12
"9015",0
"9016",4
"9017",11
"9018",6
"9019",9
"9020",5
"9021",12
"9022",8
"9023",10
"9024",12
"9025",11
"9026",4
"9027",6
"9028",4
"9029",9
"9030",7
"9031",5
"9032",11
"9033",3
"9034",11
"9035",8
"9036",8
"9037",1
"9038",4
"9039",5
"9040",3
"9041",3
"9042",2
"9043",5
"9044",8
"9045",3
"9046",12
"9047",2
"9048",4
"9049",3
"9050",5
"9051",3
"9052",3
"9053",11
"9054",10
"9055",6
"9056",8
"9057",3
"9058",5
"9059",11
"9060",2
"9061",3
"9062",5
"9063",3
"9064",2
"9065",3
"9066",13
"9067",6
"9068",6
"9069",10
"9070",10
"9071",3
"9072",2
"9073",10
"9074",6
"9075",5
"9076",3
"9077",3
"9078",10
"9079",9
"9080",4
"9081",8
"9082",11
"9083",11
"9084",6
"9085",5
"9086",6
"9087",8
"9088",2
"9089",0
"9090",6
"9091",2
"9092",10
"9093",5
"9094",11
"9095",1
"9096",5
"9097",4
"9098",3
"9099",12
"9100",3
"9101",12
"9102",15
"9103",8
"9104",7
"9105",5
"9106",3
"9107",9
"9108",3
"9109",4
"9110",3
"9111",3
"9112",9
"9113",8
"9114",11
"9115",2
"9116",5
"9117",11
"9118",11
"9119",8
"9120",10
"9121",0
"9122",3
"9123",6
"9124",4
"9125",1
"9126",6
"9127",10
"9128",6
"9129",14
"9130",8
"9131",1
"9132",4
"9133",6
"9134",1
"9135",5
"9136",11
"9137",14
"9138",3
"9139",4
"9140",8
"9141",1
"9142",2
"9143",12
"9144",4
"9145",8
"9146",7
"9147",6
"9148",4
"9149",4
"9150",6
"9151",5
"9152",5
"9153",13
"9154",2
"9155",8
"9156",5
"9157",1
"9158",6
"9159",9
"9160",7
"9161",7
"9162",11
"9163",2
"9164",9
"9165",0
"9166",6
"9167",6
"9168",1
"9169",6
"9170",8
"9171",3
"9172",12
"9173",3
"9174",4
"9175",5
"9176",9
"9177",14
"9178",11
"9179",5
"9180",14
"9181",2
"9182",1
"9183",1
"9184",5
"9185",5
"9186",5
"9187",9
"9188",7
"9189",7
"9190",7
"9191",6
"9192",2
"9193",2
"9194",1
"9195",0
"9196",11
"9197",8
"9198",8
"9199",8
"9200",1
"9201",3
"9202",8
"9203",9
"9204",4
"9205",0
"9206",6
"9207",6
"9208",7
"9209",6
"9210",3
"9211",9
"9212",9
"9213",10
"9214",8
"9215",9
"9216",7
"9217",5
"9218",9
"9219",8
"9220",3
"9221",6
"9222",6
"9223",5
"9224",6
"9225",8
"9226",5
"9227",10
"9228",2
"9229",5
"9230",4
"9231",7
"9232",8
"9233",8
"9234",6
"9235",6
"9236",9
"9237",10
"9238",10
"9239",6
"9240",6
"9241",6
"9242",8
"9243",8
"9244",9
"9245",11
"9246",10
"9247",4
"9248",6
"9249",8
"9250",8
"9251",8
"9252",1
"9253",3
"9254",1
"9255",5
"9256",6
"9257",11
"9258",10
"9259",4
"9260",8
"9261",2
"9262",14
"9263",5
"9264",7
"9265",8
"9266",7
"9267",10
"9268",5
"9269",6
"9270",13
"9271",12
"9272",7
"9273",7
"9274",5
"9275",4
"9276",4
"9277",11
"9278",4
"9279",5
"9280",7
"9281",4
"9282",7
"9283",4
"9284",1
"9285",6
"9286",10
"9287",12
"9288",5
"9289",13
"9290",8
"9291",13
"9292",11
"9293",2
"9294",9
"9295",2
"9296",9
"9297",10
"9298",10
"9299",3
"9300",9
"9301",4
"9302",7
"9303",12
"9304",4
"9305",9
"9306",5
"9307",10
"9308",7
"9309",10
"9310",9
"9311",6
"9312",9
"9313",4
"9314",5
"9315",7
"9316",3
"9317",4
"9318",3
"9319",0
"9320",9
"9321",7
"9322",7
"9323",0
"9324",5
"9325",7
"9326",14
"9327",13
"9328",11
"9329",4
"9330",9
"9331",11
"9332",13
"9333",6
"9334",8
"9335",4
"9336",4
"9337",5
"9338",2
"9339",8
"9340",10
"9341",5
"9342",8
"9343",3
"9344",3
"9345",9
"9346",2
"9347",8
"9348",5
"9349",11
"9350",9
"9351",6
"9352",4
"9353",8
"9354",8
"9355",3
"9356",1
"9357",6
"9358",6
"9359",9
"9360",3
"9361",4
"9362",2
"9363",6
"9364",7
"9365",9
"9366",1
"9367",9
"9368",3
"9369",6
"9370",8
"9371",3
"9372",3
"9373",11
"9374",8
"9375",2
"9376",5
"9377",6
"9378",8
"9379",12
"9380",7
"9381",4
"9382",3
"9383",11
"9384",5
"9385",7
"9386",2
"9387",6
"9388",5
"9389",7
"9390",12
"9391",6
"9392",2
"9393",3
"9394",6
"9395",6
"9396",6
"9397",11
"9398",7
"9399",7
"9400",6
"9401",4
"9402",8
"9403",6
"9404",5
"9405",4
"9406",11
"9407",0
"9408",3
"9409",6
"9410",3
"9411",2
"9412",4
"9413",10
"9414",12
"9415",7
"9416",8
"9417",14
"9418",10
"9419",11
"9420",2
"9421",9
"9422",2
"9423",1
"9424",3
"9425",1
"9426",8
"9427",6
"9428",5
"9429",5
"9430",7
"9431",8
"9432",5
"9433",4
"9434",7
"9435",5
"9436",5
"9437",12
"9438",6
"9439",14
"9440",7
"9441",12
"9442",6
"9443",7
"9444",4
"9445",7
"9446",3
"9447",7
"9448",8
"9449",6
"9450",3
"9451",5
"9452",3
"9453",4
"9454",9
"9455",2
"9456",5
"9457",1
"9458",3
"9459",6
"9460",9
"9461",4
"9462",2
"9463",3
"9464",5
"9465",4
"9466",10
"9467",1
"9468",7
"9469",3
"9470",12
"9471",4
"9472",2
"9473",7
"9474",14
"9475",6
"9476",9
"9477",8
"9478",4
"9479",6
"9480",7
"9481",8
"9482",11
"9483",6
"9484",7
"9485",4
"9486",8
"9487",3
"9488",7
"9489",10
"9490",3
"9491",15
"9492",7
"9493",12
"9494",12
"9495",11
"9496",3
"9497",10
"9498",4
"9499",5
"9500",8
"9501",9
"9502",9
"9503",3
"9504",9
"9505",15
"9506",9
"9507",9
"9508",1
"9509",8
"9510",0
"9511",4
"9512",9
"9513",9
"9514",3
"9515",3
"9516",8
"9517",4
"9518",15
"9519",11
"9520",1
"9521",4
"9522",8
"9523",6
"9524",2
"9525",4
"9526",5
"9527",5
"9528",3
"9529",13
"9530",6
"9531",14
"9532",6
"9533",5
"9534",2
"9535",3
"9536",8
"9537",3
"9538",10
"9539",6
"9540",5
"9541",6
"9542",6
"9543",2
"9544",11
"9545",4
"9546",8
"9547",6
"9548",5
"9549",9
"9550",11
"9551",0
"9552",2
"9553",6
"9554",9
"9555",5
"9556",7
"9557",11
"9558",12
"9559",5
"9560",9
"9561",11
"9562",0
"9563",0
"9564",12
"9565",12
"9566",10
"9567",10
"9568",1
"9569",8
"9570",3
"9571",4
"9572",5
"9573",7
"9574",13
"9575",9
"9576",5
"9577",8
"9578",2
"9579",0
"9580",5
"9581",1
"9582",5
"9583",3
"9584",9
"9585",4
"9586",4
"9587",7
"9588",9
"9589",3
"9590",4
"9591",12
"9592",5
"9593",10
"9594",7
"9595",1
"9596",1
"9597",10
"9598",7
"9599",1
"9600",6
"9601",11
"9602",12
"9603",6
"9604",4
"9605",2
"9606",4
"9607",4
"9608",6
"9609",13
"9610",7
"9611",5
"9612",7
"9613",1
"9614",12
"9615",13
"9616",14
"9617",5
"9618",3
"9619",4
"9620",4
"9621",4
"9622",6
"9623",12
"9624",6
"9625",4
"9626",7
"9627",11
"9628",1
"9629",8
"9630",1
"9631",9
"9632",5
"9633",2
"9634",8
"9635",1
"9636",8
"9637",6
"9638",4
"9639",9
"9640",1
"9641",0
"9642",9
"9643",10
"9644",6
"9645",6
"9646",5
"9647",4
"9648",2
"9649",5
"9650",11
"9651",4
"9652",4
"9653",3
"9654",9
"9655",3
"9656",7
"9657",9
"9658",8
"9659",5
"9660",6
"9661",13
"9662",10
"9663",7
"9664",4
"9665",8
"9666",9
"9667",6
"9668",3
"9669",5
"9670",9
"9671",7
"9672",4
"9673",10
"9674",5
"9675",7
"9676",5
"9677",12
"9678",11
"9679",4
"9680",9
"9681",3
"9682",5
"9683",6
"9684",9
"9685",4
"9686",1
"9687",6
"9688",1
"9689",4
"9690",12
"9691",1
"9692",5
"9693",5
"9694",3
"9695",10
"9696",1
"9697",11
"9698",3
"9699",8
"9700",5
"9701",1
"9702",6
"9703",9
"9704",7
"9705",3
"9706",3
"9707",14
"9708",4
"9709",3
"9710",10
"9711",10
"9712",8
"9713",15
"9714",5
"9715",8
"9716",8
"9717",9
"9718",4
"9719",10
"9720",4
"9721",8
"9722",3
"9723",7
"9724",4
"9725",3
"9726",5
"9727",3
"9728",6
"9729",7
"9730",9
"9731",12
"9732",9
"9733",4
"9734",3
"9735",6
"9736",4
"9737",8
"9738",6
"9739",7
"9740",3
"9741",0
"9742",8
"9743",7
"9744",1
"9745",0
"9746",7
"9747",3
"9748",4
"9749",1
"9750",9
"9751",2
"9752",4
"9753",3
"9754",3
"9755",14
"9756",14
"9757",5
"9758",5
"9759",9
"9760",5
"9761",6
"9762",9
"9763",10
"9764",5
"9765",7
"9766",1
"9767",7
"9768",3
"9769",14
"9770",7
"9771",4
"9772",7
"9773",5
"9774",3
"9775",4
"9776",1
"9777",10
"9778",4
"9779",7
"9780",9
"9781",5
"9782",7
"9783",2
"9784",4
"9785",6
"9786",13
"9787",3
"9788",8
"9789",14
"9790",2
"9791",4
"9792",6
"9793",5
"9794",8
"9795",3
"9796",4
"9797",6
"9798",7
"9799",12
"9800",14
"9801",10
"9802",2
"9803",3
"9804",3
"9805",7
"9806",3
"9807",12
"9808",8
"9809",7
"9810",3
"9811",8
"9812",9
"9813",2
"9814",11
"9815",11
"9816",9
"9817",8
"9818",5
"9819",12
"9820",10
"9821",9
"9822",6
"9823",3
"9824",9
"9825",12
"9826",4
"9827",1
"9828",8
"9829",8
"9830",8
"9831",5
"9832",3
"9833",6
"9834",4
"9835",5
"9836",3
"9837",6
"9838",4
"9839",8
"9840",5
"9841",8
"9842",10
"9843",4
"9844",10
"9845",5
"9846",2
"9847",6
"9848",3
"9849",4
"9850",2
"9851",5
"9852",8
"9853",7
"9854",5
"9855",3
"9856",11
"9857",12
"9858",3
"9859",4
"9860",7
"9861",5
"9862",7
"9863",6
"9864",14
"9865",6
"9866",4
"9867",4
"9868",7
"9869",11
"9870",9
"9871",4
"9872",10
"9873",9
"9874",6
"9875",9
"9876",7
"9877",4
"9878",12
"9879",5
"9880",13
"9881",8
"9882",10
"9883",4
"9884",10
"9885",11
"9886",13
"9887",6
"9888",2
"9889",2
"9890",11
"9891",8
"9892",10
"9893",9
"9894",10
"9895",7
"9896",7
"9897",10
"9898",2
"9899",9
"9900",5
"9901",8
"9902",6
"9903",7
"9904",5
"9905",4
"9906",1
"9907",6
"9908",10
"9909",4
"9910",9
"9911",7
"9912",11
"9913",10
"9914",3
"9915",6
"9916",8
"9917",6
"9918",3
"9919",3
"9920",10
"9921",15
"9922",9
"9923",6
"9924",10
"9925",10
"9926",9
"9927",7
"9928",1
"9929",6
"9930",7
"9931",4
"9932",6
"9933",1
"9934",5
"9935",5
"9936",0
"9937",6
"9938",5
"9939",3
"9940",5
"9941",7
"9942",3
"9943",6
"9944",6
"9945",4
"9946",6
"9947",1
"9948",3
"9949",10
"9950",4
"9951",4
"9952",9
"9953",7
"9954",7
"9955",13
"9956",5
"9957",7
"9958",5
"9959",10
"9960",6
"9961",6
"9962",8
"9963",4
"9964",4
"9965",5
"9966",5
"9967",12
"9968",10
"9969",7
"9970",4
"9971",5
"9972",9
"9973",2
"9974",4
"9975",3
"9976",6
"9977",12
"9978",9
"9979",10
"9980",8
"9981",6
"9982",4
"9983",11
"9984",4
"9985",7
"9986",8
"9987",9
"9988",4
"9989",9
"9990",11
"9991",10
"9992",8
"9993",5
"9994",14
"9995",7
"9996",3
"9997",7
"9998",13
"9999",6
"10000",0
