"x","m","gender","type","size","bachelor","language"
39,56,0,"3",300,0.11,0.36
35,56,0,"3",300,0.11,0.36
38,56,1,"3",300,0.11,0.36
32,56,1,"3",300,0.11,0.36
40,56,0,"3",300,0.11,0.36
31,56,1,"3",300,0.11,0.36
38,56,0,"3",300,0.11,0.36
34,56,0,"3",300,0.11,0.36
32,56,0,"3",300,0.11,0.36
34,56,1,"3",300,0.11,0.36
36,56,0,"3",300,0.11,0.36
38,56,1,"3",300,0.11,0.36
34,56,0,"3",300,0.11,0.36
29,56,0,"3",300,0.11,0.36
34,56,0,"3",300,0.11,0.36
30,56,1,"3",300,0.11,0.36
39,56,1,"3",300,0.11,0.36
27,56,0,"3",300,0.11,0.36
37,56,0,"3",300,0.11,0.36
33,56,0,"3",300,0.11,0.36
37,56,1,"3",300,0.11,0.36
30,56,0,"3",300,0.11,0.36
37,56,0,"3",300,0.11,0.36
34,56,0,"3",1100,1.91,0.14
32,56,0,"3",1100,1.91,0.14
36,56,0,"3",1100,1.91,0.14
36,56,0,"3",1100,1.91,0.14
34,56,0,"3",1100,1.91,0.14
34,56,0,"3",1100,1.91,0.14
34,56,1,"3",1100,1.91,0.14
34,56,0,"3",1100,1.91,0.14
36,56,0,"3",1100,1.91,0.14
39,56,1,"3",1100,1.91,0.14
27,56,0,"3",1100,1.91,0.14
32,56,0,"3",1100,1.91,0.14
34,56,0,"3",1100,1.91,0.14
37,56,1,"3",1100,1.91,0.14
30,56,0,"3",1100,1.91,0.14
37,56,0,"3",1100,1.91,0.14
30,56,1,"3",1100,1.91,0.14
34,56,0,"3",1100,1.91,0.14
29,56,0,"3",1100,1.91,0.14
30,56,0,"3",1100,1.91,0.14
30,56,1,"3",1100,1.91,0.14
36,56,1,"3",1100,1.91,0.14
25,56,1,"3",1100,1.91,0.14
32,56,0,"3",1100,1.91,0.14
42,56,1,"3",1100,1.91,0.14
40,56,0,"3",1100,1.91,0.14
30,56,1,"3",1100,1.91,0.14
38,56,1,"3",1100,1.91,0.14
35,56,1,"3",1100,1.91,0.14
41,56,0,"3",1100,1.91,0.14
34,56,0,"3",1100,1.91,0.14
30,56,0,"3",1100,1.91,0.14
34,56,1,"3",1100,1.91,0.14
36,56,1,"3",1100,1.91,0.14
32,56,0,"3",1100,1.91,0.14
31,56,0,"3",1100,1.91,0.14
31,56,0,"3",1100,1.91,0.14
34,56,1,"3",1100,1.91,0.14
34,56,1,"3",1100,1.91,0.14
40,56,0,"3",1100,1.91,0.14
32,56,0,"3",1100,1.91,0.14
39,56,1,"3",1100,1.91,0.14
36,56,1,"3",1100,1.91,0.14
30,56,0,"3",1100,1.91,0.14
37,56,1,"3",1100,1.91,0.14
35,56,1,"3",1100,1.91,0.14
33,56,0,"3",1100,1.91,0.14
35,56,0,"3",1100,1.91,0.14
31,56,1,"3",1100,1.91,0.14
34,56,0,"3",1100,1.91,0.14
36,56,1,"3",1100,1.91,0.14
36,56,0,"3",1100,1.91,0.14
35,56,1,"3",1100,1.91,0.14
37,56,0,"3",1100,1.91,0.14
35,56,0,"3",1100,1.91,0.14
35,56,1,"3",1100,1.91,0.14
36,56,1,"3",1100,1.91,0.14
45,56,0,"3",1100,1.91,0.14
39,56,1,"3",1100,1.91,0.14
41,56,1,"3",1100,1.91,0.14
35,56,1,"3",1100,1.91,0.14
41,56,0,"3",1100,1.91,0.14
32,56,0,"3",1100,1.91,0.14
32,56,0,"3",1100,1.91,0.14
38,56,0,"3",1100,1.91,0.14
41,56,1,"3",1100,1.91,0.14
32,56,0,"3",1100,1.91,0.14
35,56,0,"3",1100,1.91,0.14
33,56,1,"3",1100,1.91,0.14
37,56,1,"3",1100,1.91,0.14
35,56,1,"3",1100,1.91,0.14
34,56,0,"3",1100,1.91,0.14
41,56,1,"3",1100,1.91,0.14
37,56,0,"3",1100,1.91,0.14
34,56,0,"3",1100,1.91,0.14
37,56,0,"3",1100,1.91,0.14
38,56,0,"3",1100,1.91,0.14
39,56,1,"3",1100,1.91,0.14
34,56,1,"3",1100,1.91,0.14
40,56,1,"3",1100,1.91,0.14
39,56,0,"3",1100,1.91,0.14
37,56,1,"3",1100,1.91,0.14
32,56,0,"3",1100,1.91,0.14
34,56,0,"3",1100,1.91,0.14
34,56,1,"3",1100,1.91,0.14
34,56,1,"3",1100,1.91,0.14
32,56,0,"3",1100,1.91,0.14
35,56,0,"3",1100,1.91,0.14
35,56,1,"3",1100,1.91,0.14
37,56,0,"3",1100,1.91,0.14
33,56,1,"3",1100,1.91,0.14
37,56,1,"3",1100,1.91,0.14
32,56,0,"3",1100,1.91,0.14
33,56,0,"3",1100,1.91,0.14
37,56,0,"3",1100,1.91,0.14
35,56,1,"3",1100,1.91,0.14
32,56,0,"3",1100,1.91,0.14
34,56,0,"3",1100,1.91,0.14
35,56,0,"3",1100,-0.63,-1.28
31,56,0,"3",1100,-0.63,-1.28
35,56,1,"3",1100,-0.63,-1.28
36,56,0,"3",1100,-0.63,-1.28
29,56,0,"3",1100,-0.63,-1.28
33,56,1,"3",1100,-0.63,-1.28
27,56,1,"3",1100,-0.63,-1.28
34,56,1,"3",1100,-0.63,-1.28
27,56,1,"3",1100,-0.63,-1.28
31,56,0,"3",1100,-0.63,-1.28
31,56,0,"3",1100,-0.63,-1.28
32,56,1,"3",1100,-0.63,-1.28
31,56,0,"3",1100,-0.63,-1.28
31,56,0,"3",1100,-0.63,-1.28
34,56,0,"3",1100,-0.63,-1.28
37,56,0,"3",1100,-0.63,-1.28
28,56,0,"3",1100,-0.63,-1.28
27,56,1,"3",1100,-0.63,-1.28
30,56,1,"3",1100,-0.63,-1.28
34,56,1,"3",1100,-0.63,-1.28
30,56,1,"3",1100,-0.63,-1.28
34,56,1,"3",1100,-0.63,-1.28
32,56,1,"3",1100,-0.63,-1.28
36,56,0,"3",1100,-0.63,-1.28
32,56,1,"3",1100,-0.63,-1.28
32,56,0,"3",1100,-0.63,-1.28
37,56,0,"3",1100,-0.63,-1.28
34,56,1,"3",1100,-0.63,-1.28
29,56,0,"3",1100,-0.63,-1.28
37,56,0,"3",1100,-0.63,-1.28
32,56,1,"3",1100,-0.63,-1.28
36,56,0,"3",1100,-0.63,-1.28
26,56,1,"3",1100,-0.63,-1.28
37,56,0,"3",1100,-0.63,-1.28
33,56,1,"3",1100,-0.63,-1.28
35,56,1,"3",1100,-0.63,-1.28
37,56,1,"3",1100,-0.63,-1.28
33,56,0,"3",1100,-0.63,-1.28
35,56,1,"3",1100,-0.63,-1.28
35,56,0,"3",1100,-0.63,-1.28
26,56,0,"3",1100,-0.63,-1.28
32,56,0,"3",1100,-0.63,-1.28
29,56,1,"3",1100,-0.63,-1.28
36,56,0,"3",1100,-0.63,-1.28
29,56,1,"3",1100,-0.63,-1.28
31,56,1,"3",1100,-0.63,-1.28
33,56,0,"3",1100,-0.63,-1.28
33,56,0,"3",1100,-0.63,-1.28
30,56,0,"3",1100,-0.63,-1.28
39,56,0,"3",1100,-0.63,-1.28
34,56,1,"3",1100,-0.63,-1.28
30,56,1,"2",600,2.13,1.19
29,56,1,"2",600,2.13,1.19
35,56,1,"2",600,2.13,1.19
33,56,0,"2",600,2.13,1.19
36,56,1,"2",600,2.13,1.19
32,56,0,"2",600,2.13,1.19
29,56,0,"2",600,2.13,1.19
39,56,1,"2",600,2.13,1.19
39,56,1,"2",600,2.13,1.19
28,56,0,"2",600,2.13,1.19
33,56,1,"2",600,2.13,1.19
37,56,1,"2",600,2.13,1.19
35,56,1,"3",1600,0.14,0.34
33,56,0,"3",1600,0.14,0.34
35,56,0,"3",1600,0.14,0.34
30,56,0,"3",1600,0.14,0.34
30,56,1,"3",1600,0.14,0.34
30,56,1,"3",1600,0.14,0.34
32,56,0,"3",1600,0.14,0.34
36,56,0,"3",1600,0.14,0.34
41,56,1,"3",1600,0.14,0.34
30,56,1,"3",1600,0.14,0.34
38,56,0,"3",1600,0.14,0.34
35,56,0,"3",1600,0.14,0.34
37,56,0,"3",1600,0.14,0.34
32,56,0,"3",1600,0.14,0.34
30,56,1,"3",1600,0.14,0.34
36,56,0,"3",1600,0.14,0.34
38,56,0,"3",1600,0.14,0.34
32,56,0,"3",1600,0.14,0.34
34,56,0,"3",1600,0.14,0.34
28,56,1,"3",1600,0.14,0.34
31,56,0,"3",1600,0.14,0.34
28,56,1,"3",1600,0.14,0.34
33,56,0,"3",1600,0.14,0.34
37,56,1,"3",1600,0.14,0.34
34,56,0,"3",1600,0.14,0.34
32,56,0,"3",1600,0.14,0.34
31,56,0,"3",1600,0.14,0.34
35,56,0,"3",1600,0.14,0.34
38,56,0,"3",1600,0.14,0.34
30,56,0,"3",1600,0.14,0.34
33,56,0,"3",1600,0.14,0.34
37,56,0,"3",1600,0.14,0.34
40,56,0,"3",1600,0.14,0.34
36,56,0,"3",1600,0.14,0.34
33,56,1,"3",1600,0.14,0.34
38,56,1,"3",1600,0.14,0.34
42,56,0,"3",1600,0.14,0.34
37,56,1,"3",1600,0.14,0.34
41,56,0,"3",1600,0.14,0.34
33,56,0,"3",1600,0.14,0.34
37,56,0,"3",1600,0.14,0.34
33,56,0,"3",1600,0.14,0.34
35,56,0,"3",1600,0.14,0.34
32,56,0,"3",1600,0.14,0.34
44,56,1,"3",1600,0.14,0.34
36,56,0,"3",1600,0.14,0.34
35,56,1,"3",1600,0.14,0.34
31,56,0,"3",1600,0.14,0.34
37,56,0,"3",1600,0.14,0.34
33,56,1,"3",1600,0.14,0.34
32,56,0,"3",1600,0.14,0.34
36,56,1,"3",1600,0.14,0.34
43,56,1,"3",1600,0.14,0.34
32,56,1,"3",1600,0.14,0.34
40,56,0,"3",1600,0.14,0.34
32,56,0,"3",1600,0.14,0.34
43,56,1,"3",1600,0.14,0.34
31,56,0,"3",1600,0.14,0.34
33,56,0,"3",1600,0.14,0.34
32,56,1,"3",1600,0.14,0.34
45,56,0,"3",1600,0.14,0.34
36,56,0,"3",1600,0.14,0.34
37,56,0,"3",1600,0.14,0.34
36,56,1,"3",1600,0.14,0.34
34,56,0,"3",1600,0.14,0.34
31,56,0,"3",1600,0.14,0.34
32,56,0,"3",1600,0.14,0.34
39,56,0,"3",1600,0.14,0.34
42,56,0,"3",1600,0.14,0.34
31,56,0,"3",1600,0.14,0.34
36,56,0,"3",1600,0.14,0.34
35,56,1,"3",1600,0.14,0.34
39,56,0,"3",1600,0.14,0.34
35,56,0,"3",1600,0.14,0.34
36,56,1,"3",1600,0.14,0.34
33,56,0,"3",1600,0.14,0.34
39,56,1,"3",1300,0.14,0.34
37,56,1,"3",1300,0.14,0.34
39,56,0,"3",1300,0.14,0.34
42,56,0,"3",1300,0.14,0.34
40,56,0,"3",1300,0.14,0.34
35,56,1,"3",1300,0.14,0.34
30,56,1,"3",1300,0.14,0.34
36,56,1,"3",1300,0.14,0.34
42,56,0,"3",1300,0.14,0.34
36,56,0,"3",1300,0.14,0.34
34,56,0,"3",1300,0.14,0.34
37,56,0,"3",1300,0.14,0.34
41,56,0,"3",1300,0.14,0.34
38,56,1,"3",1300,0.14,0.34
34,56,1,"3",1300,0.14,0.34
35,56,0,"3",1300,0.14,0.34
43,56,0,"3",1300,0.14,0.34
37,56,1,"3",1300,0.14,0.34
34,56,1,"3",1300,0.14,0.34
36,56,0,"3",1300,0.14,0.34
43,56,1,"3",1300,0.14,0.34
30,56,0,"3",1300,0.14,0.34
31,56,1,"3",1300,0.14,0.34
34,56,0,"3",1300,0.14,0.34
37,56,1,"3",1300,0.14,0.34
33,56,1,"3",1300,0.14,0.34
32,56,1,"3",1300,0.14,0.34
30,56,1,"3",1300,0.14,0.34
39,56,1,"3",1300,0.14,0.34
26,56,0,"3",1300,0.14,0.34
37,56,1,"3",1300,0.14,0.34
38,56,1,"3",1300,0.14,0.34
42,56,0,"3",1300,0.14,0.34
40,56,1,"3",1300,0.14,0.34
38,56,1,"3",1300,0.14,0.34
32,56,1,"3",1300,0.14,0.34
40,56,0,"3",1300,0.14,0.34
32,56,1,"3",1300,0.14,0.34
36,56,0,"3",1300,0.14,0.34
31,56,0,"3",1300,0.14,0.34
36,56,0,"3",1300,0.14,0.34
35,56,0,"3",1300,0.14,0.34
30,56,0,"3",1300,0.14,0.34
39,56,1,"3",1300,0.14,0.34
32,56,1,"3",1300,0.14,0.34
28,56,1,"3",1300,0.14,0.34
33,56,0,"3",1300,0.14,0.34
29,56,1,"3",1300,0.14,0.34
37,56,1,"3",1300,0.14,0.34
32,56,0,"3",1300,0.14,0.34
36,56,0,"3",1300,0.14,0.34
34,56,0,"3",1300,0.14,0.34
33,56,1,"3",1300,0.14,0.34
28,56,0,"3",1300,0.14,0.34
32,56,0,"3",1300,0.14,0.34
36,56,0,"3",1300,0.14,0.34
34,56,0,"3",1300,0.14,0.34
32,56,1,"3",1300,0.14,0.34
33,56,1,"3",1300,0.14,0.34
39,56,0,"3",1300,0.14,0.34
37,56,1,"3",1300,0.14,0.34
30,56,1,"3",1300,0.14,0.34
37,56,1,"3",1300,0.14,0.34
35,56,0,"3",1300,0.14,0.34
35,56,0,"3",1300,0.14,0.34
30,56,0,"3",1300,0.14,0.34
36,56,0,"3",1300,0.14,0.34
30,56,0,"3",1300,0.14,0.34
35,56,0,"3",1300,0.14,0.34
29,56,0,"3",1300,0.14,0.34
35,56,1,"3",1300,0.14,0.34
38,56,1,"3",1300,0.14,0.34
36,56,0,"3",1300,0.14,0.34
32,56,0,"3",1300,0.14,0.34
30,56,1,"3",1300,0.14,0.34
29,56,1,"3",1300,0.14,0.34
36,56,1,"3",1300,0.14,0.34
36,56,0,"3",1300,0.14,0.34
28,56,0,"3",1300,0.14,0.34
39,56,0,"3",1300,0.14,0.34
35,56,1,"3",1300,0.14,0.34
27,56,1,"3",1300,0.14,0.34
34,56,1,"3",1300,0.14,0.34
30,56,0,"3",1300,0.14,0.34
37,56,0,"3",1300,0.14,0.34
27,56,1,"3",1300,0.14,0.34
35,56,0,"3",1300,0.14,0.34
31,56,1,"3",1300,0.14,0.34
35,56,1,"3",1300,0.14,0.34
25,56,1,"3",1300,0.14,0.34
32,56,1,"3",1300,0.14,0.34
28,56,0,"3",500,0.17,-0.03
32,56,1,"3",500,0.17,-0.03
28,56,1,"3",500,0.17,-0.03
30,56,1,"3",500,0.17,-0.03
28,56,1,"3",500,0.17,-0.03
35,56,0,"3",500,0.17,-0.03
30,56,0,"3",500,0.17,-0.03
29,56,0,"3",500,0.17,-0.03
33,56,0,"3",500,0.17,-0.03
33,56,1,"3",500,0.17,-0.03
33,56,0,"3",500,0.17,-0.03
35,56,1,"3",500,0.17,-0.03
34,56,1,"3",500,0.17,-0.03
36,56,1,"3",500,0.17,-0.03
30,56,0,"3",500,0.17,-0.03
33,56,0,"3",500,0.17,-0.03
35,56,0,"3",500,0.17,-0.03
34,56,0,"3",500,0.17,-0.03
36,56,0,"3",500,0.17,-0.03
31,56,1,"3",500,0.17,-0.03
29,56,1,"3",500,0.17,-0.03
35,56,0,"3",500,0.17,-0.03
35,56,0,"3",500,0.17,-0.03
29,56,1,"3",500,0.17,-0.03
37,56,0,"3",500,0.17,-0.03
36,56,1,"3",500,0.17,-0.03
28,56,1,"3",500,0.17,-0.03
34,56,1,"3",500,0.17,-0.03
33,56,1,"3",500,0.17,-0.03
34,56,0,"3",500,0.17,-0.03
27,56,1,"3",500,0.17,-0.03
37,56,0,"3",500,0.17,-0.03
37,56,1,"3",500,0.17,-0.03
39,56,0,"3",500,0.17,-0.03
29,56,1,"3",500,0.17,-0.03
37,56,0,"3",500,0.17,-0.03
37,56,0,"3",500,0.17,-0.03
37,56,1,"3",500,0.17,-0.03
37,56,1,"3",500,0.17,-0.03
35,56,1,"3",500,0.17,-0.03
37,56,1,"3",500,0.17,-0.03
33,56,0,"3",500,0.17,-0.03
35,56,1,"3",500,0.17,-0.03
34,56,0,"3",500,0.17,-0.03
37,56,1,"3",500,0.17,-0.03
37,56,1,"3",500,0.17,-0.03
33,56,1,"3",500,0.17,-0.03
38,56,0,"3",500,0.17,-0.03
39,56,0,"3",500,0.17,-0.03
36,56,1,"3",500,0.17,-0.03
31,56,1,"3",500,0.17,-0.03
32,56,1,"3",500,0.17,-0.03
33,56,1,"3",500,0.17,-0.03
37,56,1,"3",500,0.17,-0.03
35,56,1,"3",500,0.17,-0.03
35,56,1,"3",500,0.17,-0.03
36,56,1,"3",500,0.17,-0.03
39,56,0,"3",400,-1.05,0.56
37,56,1,"3",400,-1.05,0.56
35,56,0,"3",400,-1.05,0.56
38,56,0,"3",400,-1.05,0.56
38,56,1,"3",400,-1.05,0.56
32,56,0,"3",400,-1.05,0.56
32,56,1,"3",400,-1.05,0.56
37,56,0,"3",400,-1.05,0.56
37,56,0,"3",400,-1.05,0.56
34,56,0,"3",400,-1.05,0.56
34,56,1,"3",400,-1.05,0.56
33,56,1,"3",400,-1.05,0.56
36,56,0,"3",400,-1.05,0.56
34,56,0,"3",400,-1.05,0.56
34,56,1,"3",400,-1.05,0.56
36,56,0,"3",400,-1.05,0.56
40,56,0,"3",400,-1.05,0.56
31,56,0,"3",400,-1.05,0.56
35,56,1,"3",200,-0.37,0.34
37,56,0,"3",200,-0.37,0.34
38,56,1,"3",200,-0.37,0.34
39,56,0,"3",200,-0.37,0.34
29,56,0,"3",200,-0.37,0.34
38,56,1,"3",600,1.63,-0.6
43,56,0,"3",600,1.63,-0.6
29,56,0,"3",600,1.63,-0.6
41,56,0,"3",600,1.63,-0.6
35,56,1,"3",600,1.63,-0.6
42,56,0,"3",600,1.63,-0.6
34,56,1,"3",600,1.63,-0.6
33,56,0,"3",600,1.63,-0.6
40,56,0,"3",600,1.63,-0.6
38,56,1,"3",600,1.63,-0.6
34,56,0,"3",600,1.63,-0.6
41,56,1,"3",600,1.63,-0.6
38,56,1,"3",600,1.63,-0.6
39,56,1,"3",600,1.63,-0.6
31,56,1,"3",600,1.63,-0.6
37,56,1,"3",600,1.63,-0.6
33,56,0,"3",600,1.63,-0.6
34,56,1,"3",600,1.63,-0.6
32,56,1,"3",900,-0.42,-1.32
38,56,1,"3",900,-0.42,-1.32
32,56,0,"3",900,-0.42,-1.32
38,56,1,"3",900,-0.42,-1.32
31,56,0,"3",900,-0.42,-1.32
33,56,1,"3",900,-0.42,-1.32
31,56,0,"3",900,-0.42,-1.32
38,56,0,"3",900,-0.42,-1.32
34,56,1,"3",900,-0.42,-1.32
39,56,1,"3",900,-0.42,-1.32
36,56,1,"3",900,-0.42,-1.32
34,56,1,"3",900,-0.42,-1.32
29,56,1,"3",900,-0.42,-1.32
36,56,0,"3",900,-0.42,-1.32
36,56,1,"3",900,-0.42,-1.32
29,56,1,"3",900,-0.42,-1.32
22,56,1,"3",900,-0.42,-1.32
33,56,1,"3",900,-0.42,-1.32
37,56,1,"3",900,-0.42,-1.32
36,56,1,"3",900,-0.42,-1.32
33,56,0,"3",900,-0.42,-1.32
36,56,1,"3",900,-0.42,-1.32
29,56,0,"3",900,-0.42,-1.32
38,56,1,"3",900,-0.42,-1.32
31,56,0,"3",900,-0.42,-1.32
34,56,1,"3",900,-0.42,-1.32
36,56,1,"3",900,-0.42,-1.32
38,56,1,"3",900,-0.42,-1.32
30,56,0,"3",900,-0.42,-1.32
33,56,0,"3",900,-0.42,-1.32
34,56,1,"3",900,-0.42,-1.32
38,56,1,"3",900,-0.42,-1.32
30,56,1,"3",900,-0.42,-1.32
34,56,1,"3",900,-0.42,-1.32
34,56,0,"3",900,-0.42,-1.32
31,56,1,"3",900,-0.42,-1.32
28,56,0,"3",900,-0.42,-1.32
34,56,0,"3",900,-0.42,-1.32
37,56,1,"3",900,-0.42,-1.32
32,56,1,"3",900,-0.42,-1.32
28,56,0,"3",900,-0.42,-1.32
34,56,1,"3",900,-0.42,-1.32
33,56,1,"3",900,-0.42,-1.32
35,56,0,"3",900,-0.42,-1.32
36,56,1,"3",900,-0.42,-1.32
32,56,0,"3",900,-0.42,-1.32
29,56,1,"3",900,-0.42,-1.32
30,56,1,"3",900,-0.42,-1.32
35,56,0,"3",900,-0.42,-1.32
32,56,1,"3",900,-0.42,-1.32
29,56,0,"3",900,-0.42,-1.32
32,56,1,"3",900,-0.42,-1.32
30,56,1,"3",900,-0.42,-1.32
34,56,0,"3",900,-0.42,-1.32
35,56,1,"3",900,-0.42,-1.32
36,56,1,"3",900,-0.42,-1.32
25,56,1,"3",900,-0.42,-1.32
36,56,0,"3",900,-0.42,-1.32
33,56,1,"3",900,-0.42,-1.32
39,56,1,"3",900,-0.42,-1.32
34,56,1,"3",900,-0.42,-1.32
31,56,1,"3",900,-0.42,-1.32
35,56,0,"3",900,-0.42,-1.32
35,56,0,"3",900,-0.42,-1.32
36,56,0,"3",900,-0.42,-1.32
34,56,0,"3",900,-0.42,-1.32
35,56,1,"3",900,-0.42,-1.32
41,56,1,"3",900,-0.42,-1.32
27,56,0,"3",900,-0.42,-1.32
39,56,1,"3",900,-0.42,-1.32
33,56,1,"3",900,-0.42,-1.32
39,56,0,"3",900,-0.42,-1.32
32,56,0,"3",900,-0.42,-1.32
35,56,1,"3",900,-0.42,-1.32
36,56,0,"3",900,-0.42,-1.32
40,56,1,"3",900,-0.42,-1.32
34,56,1,"3",900,-0.42,-1.32
36,56,0,"3",900,-0.42,-1.32
32,56,1,"3",900,-0.42,-1.32
36,56,0,"3",900,-0.42,-1.32
31,56,1,"3",900,-0.42,-1.32
33,56,1,"3",900,-0.42,-1.32
34,56,0,"3",900,-0.42,-1.32
36,56,1,"3",900,-0.42,-1.32
34,56,1,"3",900,-0.42,-1.32
35,56,1,"3",900,-0.42,-1.32
39,56,1,"3",900,-0.42,-1.32
38,56,0,"3",900,-0.42,-1.32
30,56,1,"3",900,-0.42,-1.32
35,56,0,"3",900,-0.42,-1.32
33,56,1,"3",900,-0.42,-1.32
36,56,1,"3",900,-0.42,-1.32
34,56,0,"3",900,-0.42,-1.32
36,56,0,"3",900,-0.42,-1.32
35,56,1,"3",900,-0.42,-1.32
33,56,1,"3",900,-0.42,-1.32
31,56,0,"3",1000,-0.65,1.58
36,56,0,"3",1000,-0.65,1.58
38,56,0,"3",1000,-0.65,1.58
39,56,0,"3",1000,-0.65,1.58
30,56,0,"3",1000,-0.65,1.58
39,56,1,"3",1000,-0.65,1.58
39,56,1,"3",1000,-0.65,1.58
39,56,0,"3",1000,-0.65,1.58
29,56,0,"3",1000,-0.65,1.58
33,56,0,"3",1000,-0.65,1.58
30,56,0,"3",1000,-0.65,1.58
37,56,1,"3",1000,-0.65,1.58
33,56,0,"3",1000,-0.65,1.58
36,56,1,"3",1000,-0.65,1.58
38,56,1,"3",1000,-0.65,1.58
39,56,1,"3",1000,-0.65,1.58
36,56,1,"3",1000,-0.65,1.58
39,56,1,"3",1000,-0.65,1.58
34,56,0,"3",1000,-0.65,1.58
34,56,1,"3",1000,-0.65,1.58
31,56,1,"3",1000,-0.65,1.58
36,56,1,"3",1000,-0.65,1.58
29,56,1,"3",1000,-0.65,1.58
42,56,0,"3",1000,-0.65,1.58
35,56,1,"3",1000,-0.65,1.58
31,56,1,"3",1000,-0.65,1.58
34,56,0,"3",1000,-0.65,1.58
44,56,0,"3",1000,-0.65,1.58
30,56,0,"3",1000,-0.65,1.58
35,56,0,"3",1000,-0.65,1.58
33,56,1,"3",1000,-0.65,1.58
35,56,0,"3",1000,-0.65,1.58
40,56,0,"3",1000,-0.65,1.58
31,56,0,"3",1000,-0.65,1.58
38,56,0,"3",1000,-0.65,1.58
37,56,0,"3",1000,-0.65,1.58
33,56,1,"3",1000,-0.65,1.58
41,56,0,"3",1000,-0.65,1.58
35,56,1,"3",1000,-0.65,1.58
40,56,0,"3",1000,-0.65,1.58
37,56,0,"3",1000,-0.65,1.58
33,56,0,"3",1000,-0.65,1.58
36,56,0,"3",1000,-0.65,1.58
41,56,1,"3",1000,-0.65,1.58
38,56,1,"3",1000,-0.65,1.58
37,56,1,"3",1000,-0.65,1.58
36,56,0,"3",1000,-0.65,1.58
45,56,0,"3",1000,-0.65,1.58
34,56,1,"3",1000,-0.65,1.58
39,56,1,"3",1000,-0.65,1.58
32,56,1,"3",1000,-0.65,1.58
42,56,0,"3",1000,-0.65,1.58
31,56,1,"3",1000,-0.65,1.58
40,56,1,"3",1000,-0.65,1.58
35,56,1,"3",1000,-0.65,1.58
43,56,1,"3",1000,-0.65,1.58
35,56,1,"3",1000,-0.65,1.58
35,56,0,"3",1000,-0.65,1.58
38,56,1,"3",1000,-0.65,1.58
38,56,1,"3",1000,-0.65,1.58
35,56,1,"3",1000,-0.65,1.58
31,56,1,"3",1000,-0.65,1.58
34,56,1,"3",1000,-0.65,1.58
37,56,1,"3",1000,-0.65,1.58
26,56,1,"3",1000,-0.65,1.58
37,56,0,"3",1000,-0.65,1.58
28,56,1,"3",1000,-0.65,1.58
34,56,1,"3",1000,-0.65,1.58
29,56,1,"3",1000,-0.65,1.58
37,56,0,"3",1000,-0.65,1.58
32,56,0,"3",1000,-0.65,1.58
31,56,1,"3",1000,-0.65,1.58
30,56,1,"3",1000,-0.65,1.58
34,56,0,"3",1000,-0.65,1.58
32,56,1,"3",1000,-0.65,1.58
36,56,0,"3",1000,-0.65,1.58
34,56,1,"3",1000,-0.65,1.58
34,56,1,"3",1000,-0.65,1.58
33,56,0,"3",1000,-0.65,1.58
36,56,0,"3",1000,-0.65,1.58
30,56,1,"3",1000,-0.65,1.58
39,56,1,"3",1000,-0.65,1.58
31,56,1,"3",1000,-0.65,1.58
37,56,1,"3",1000,-0.65,1.58
31,56,1,"3",1000,-0.65,1.58
40,56,1,"3",1000,-0.65,1.58
31,56,1,"3",1000,-0.65,1.58
37,56,0,"3",1000,-0.65,1.58
32,56,1,"3",1000,-0.65,1.58
34,56,0,"3",1000,-0.65,1.58
32,56,1,"3",1000,-0.65,1.58
40,56,1,"3",1000,-0.65,1.58
31,56,1,"3",1000,-0.65,1.58
33,56,0,"3",1000,-0.65,1.58
31,56,0,"3",1000,-0.65,1.58
33,56,0,"3",1000,-0.65,1.58
32,56,1,"3",1000,-0.65,1.58
37,56,0,"3",1000,-0.65,1.58
36,56,0,"3",1000,-0.65,1.58
31,56,0,"3",1000,-0.65,1.58
33,56,1,"3",1000,-0.65,1.58
33,56,1,"3",1000,-0.65,1.58
30,56,0,"3",1000,-0.65,1.58
38,56,0,"3",1000,-0.65,1.58
31,56,0,"3",1000,-0.65,1.58
35,56,0,"3",1000,-0.65,1.58
33,56,1,"3",1000,-0.65,1.58
35,56,1,"3",1300,-0.16,2.13
31,56,0,"3",1300,-0.16,2.13
34,56,1,"3",1300,-0.16,2.13
32,56,1,"3",1300,-0.16,2.13
33,56,0,"3",1300,-0.16,2.13
35,56,1,"3",1300,-0.16,2.13
32,56,1,"3",1300,-0.16,2.13
39,56,0,"3",1300,-0.16,2.13
39,56,1,"3",1300,-0.16,2.13
30,56,1,"3",1300,-0.16,2.13
41,56,1,"3",1300,-0.16,2.13
31,56,1,"3",1300,-0.16,2.13
34,56,0,"3",1300,-0.16,2.13
35,56,1,"3",1300,-0.16,2.13
38,56,0,"3",1300,-0.16,2.13
29,56,1,"3",1300,-0.16,2.13
34,56,0,"3",1300,-0.16,2.13
27,56,1,"3",1300,-0.16,2.13
37,56,0,"3",1300,-0.16,2.13
33,56,0,"3",1300,-0.16,2.13
35,56,0,"3",1300,-0.16,2.13
33,56,0,"3",1300,-0.16,2.13
32,56,1,"3",1300,-0.16,2.13
34,56,1,"3",1300,-0.16,2.13
37,56,1,"3",1300,-0.16,2.13
31,56,0,"3",1300,-0.16,2.13
34,56,0,"3",1300,-0.16,2.13
33,56,1,"3",1300,-0.16,2.13
36,56,0,"3",1300,-0.16,2.13
36,56,0,"3",1300,-0.16,2.13
36,56,1,"3",1300,-0.16,2.13
34,56,1,"3",1300,-0.16,2.13
34,56,1,"3",1300,-0.16,2.13
31,56,1,"3",1300,-0.16,2.13
41,56,0,"3",1300,-0.16,2.13
30,56,1,"3",1300,-0.16,2.13
35,56,1,"3",1300,-0.16,2.13
25,56,0,"3",1300,-0.16,2.13
31,56,1,"3",1300,-0.16,2.13
30,56,1,"3",1300,-0.16,2.13
33,56,1,"3",1300,-0.16,2.13
27,56,0,"3",1300,-0.16,2.13
35,56,0,"3",1300,-0.16,2.13
28,56,1,"3",1300,-0.16,2.13
35,56,1,"3",1300,-0.16,2.13
35,56,0,"3",1300,-0.16,2.13
31,56,0,"3",1300,-0.16,2.13
27,56,0,"3",1300,-0.16,2.13
34,56,1,"3",1300,-0.16,2.13
32,56,0,"3",1300,-0.16,2.13
28,56,1,"3",1300,-0.16,2.13
31,56,0,"3",1300,-0.16,2.13
32,56,0,"3",1300,-0.16,2.13
29,56,0,"3",1300,-0.16,2.13
29,56,1,"3",1300,-0.16,2.13
31,56,1,"3",1300,-0.16,2.13
30,56,1,"3",1300,-0.16,2.13
28,56,0,"3",1300,-0.16,2.13
32,56,0,"3",1300,-0.16,2.13
37,56,1,"3",1300,-0.16,2.13
35,56,1,"3",1300,-0.16,2.13
27,56,0,"3",1300,-0.16,2.13
31,56,0,"3",1300,-0.16,2.13
33,56,0,"3",1300,-0.16,2.13
37,56,0,"3",1300,-0.16,2.13
25,56,0,"3",1300,-0.16,2.13
31,56,0,"3",1300,-0.16,2.13
31,56,0,"3",1300,-0.16,2.13
39,56,0,"3",1300,-0.16,2.13
28,56,1,"3",1300,-0.16,2.13
33,56,1,"3",1300,-0.16,2.13
35,56,1,"3",1300,-0.16,2.13
31,56,1,"3",1300,-0.16,2.13
35,56,1,"3",1300,-0.16,2.13
37,56,1,"3",1300,-0.16,2.13
34,56,0,"3",1300,-0.16,2.13
39,56,1,"3",1300,-0.16,2.13
32,56,0,"3",1300,-0.16,2.13
34,56,1,"3",1300,-0.16,2.13
36,56,0,"3",1300,-0.16,2.13
38,56,1,"3",1300,-0.16,2.13
31,56,0,"3",1300,-0.16,2.13
38,56,0,"3",1300,-0.16,2.13
33,56,0,"3",1300,-0.16,2.13
34,56,1,"3",1300,-0.16,2.13
30,56,1,"3",1300,-0.16,2.13
34,56,0,"3",1300,-0.16,2.13
36,56,1,"3",1300,-0.16,2.13
37,56,0,"3",1300,-0.16,2.13
27,56,0,"3",1300,-0.16,2.13
30,56,1,"3",1300,-0.16,2.13
39,56,0,"3",1300,-0.16,2.13
45,56,1,"3",1300,-0.16,2.13
21,56,1,"3",1300,-0.16,2.13
36,56,0,"3",1300,-0.16,2.13
32,56,1,"3",1300,-0.16,2.13
43,56,0,"3",1300,-0.16,2.13
34,56,0,"3",1300,-0.16,2.13
34,56,1,"3",1300,-0.16,2.13
31,56,1,"3",1300,-0.16,2.13
40,56,0,"3",1300,-0.16,2.13
34,56,1,"3",1300,-0.16,2.13
30,56,0,"3",1300,-0.16,2.13
30,56,0,"3",1300,-0.16,2.13
38,56,0,"3",1300,-0.16,2.13
31,56,1,"3",1300,-0.16,2.13
35,56,0,"3",1300,-0.16,2.13
35,56,0,"3",1300,-0.16,2.13
41,56,1,"3",1300,-0.16,2.13
34,56,1,"3",1300,-0.16,2.13
29,56,1,"3",1300,-0.16,2.13
37,56,1,"3",1300,-0.16,2.13
31,56,1,"3",1300,-0.16,2.13
32,56,1,"3",1300,-0.16,2.13
33,56,1,"3",1100,0.15,1.43
40,56,1,"3",1100,0.15,1.43
37,56,1,"3",1100,0.15,1.43
28,56,1,"3",1100,0.15,1.43
31,56,0,"3",1100,0.15,1.43
36,56,0,"3",1100,0.15,1.43
36,56,1,"3",1100,0.15,1.43
29,56,1,"3",1100,0.15,1.43
34,56,1,"3",1100,0.15,1.43
34,56,1,"3",1100,0.15,1.43
38,56,0,"3",1100,0.15,1.43
27,56,0,"3",1100,0.15,1.43
36,56,0,"3",1100,0.15,1.43
30,56,1,"3",1100,0.15,1.43
34,56,0,"3",1100,0.15,1.43
30,56,0,"3",1100,0.15,1.43
33,56,1,"3",1100,0.15,1.43
29,56,1,"3",1100,0.15,1.43
42,56,0,"3",900,0.66,-0.12
33,56,1,"3",900,0.66,-0.12
32,56,1,"3",900,0.66,-0.12
36,56,0,"3",900,0.66,-0.12
36,56,1,"3",900,0.66,-0.12
28,56,0,"3",900,0.66,-0.12
36,56,0,"3",900,0.66,-0.12
38,56,0,"3",900,0.66,-0.12
38,56,0,"3",900,0.66,-0.12
27,56,1,"3",900,0.66,-0.12
33,56,0,"3",900,0.66,-0.12
36,56,1,"3",900,0.66,-0.12
34,56,1,"3",900,0.66,-0.12
32,56,0,"3",900,0.66,-0.12
36,56,0,"3",500,-0.72,-0.48
36,56,0,"3",500,-0.72,-0.48
36,56,0,"3",500,-0.72,-0.48
32,56,1,"3",500,-0.72,-0.48
37,56,1,"3",500,-0.72,-0.48
34,56,1,"3",500,-0.72,-0.48
35,56,1,"3",500,-0.72,-0.48
30,56,1,"3",500,-0.72,-0.48
37,56,0,"3",500,-0.72,-0.48
36,56,1,"3",500,-0.72,-0.48
36,56,0,"3",500,-0.72,-0.48
32,56,1,"3",500,-0.72,-0.48
38,56,0,"3",500,-0.72,-0.48
32,56,1,"3",500,-0.72,-0.48
27,56,1,"3",500,-0.72,-0.48
30,56,1,"3",500,-0.72,-0.48
33,56,1,"3",500,-0.72,-0.48
34,56,1,"3",500,-0.72,-0.48
34,56,1,"3",500,-0.72,-0.48
32,56,1,"3",500,-0.72,-0.48
36,56,1,"3",500,-0.72,-0.48
40,56,0,"3",500,-0.72,-0.48
36,56,1,"3",500,-0.72,-0.48
26,56,1,"3",500,-0.72,-0.48
32,56,1,"3",500,-0.72,-0.48
33,56,0,"3",500,-0.72,-0.48
35,56,0,"3",500,-0.72,-0.48
30,56,0,"3",500,-0.72,-0.48
31,56,1,"3",500,-0.72,-0.48
33,56,1,"3",500,-0.72,-0.48
38,56,1,"3",500,-0.72,-0.48
29,56,0,"3",500,-0.72,-0.48
27,56,0,"3",500,-0.72,-0.48
34,56,1,"3",500,-0.72,-0.48
38,56,0,"3",500,-0.72,-0.48
33,56,0,"3",500,-0.72,-0.48
40,56,1,"3",500,-0.72,-0.48
35,56,0,"3",500,-0.72,-0.48
37,56,1,"3",500,-0.72,-0.48
34,56,0,"3",500,-0.72,-0.48
32,56,1,"3",500,-0.72,-0.48
36,56,1,"3",500,-0.72,-0.48
40,56,1,"3",500,-0.72,-0.48
33,56,0,"3",500,-0.72,-0.48
35,56,0,"3",500,-0.72,-0.48
33,56,0,"3",500,-0.72,-0.48
38,56,0,"2",100,-0.01,-0.43
31,56,1,"2",100,-0.01,-0.43
37,56,1,"2",100,-0.01,-0.43
33,56,1,"2",100,-0.01,-0.43
41,56,0,"2",100,-0.01,-0.43
32,56,0,"2",100,-0.01,-0.43
34,56,0,"2",100,-0.01,-0.43
28,56,1,"2",100,-0.01,-0.43
43,56,0,"2",100,-0.01,-0.43
33,56,1,"2",100,-0.01,-0.43
32,56,1,"2",100,-0.01,-0.43
33,56,0,"2",100,-0.01,-0.43
38,56,1,"2",100,-0.01,-0.43
35,56,0,"2",900,-0.35,-0.82
31,56,0,"2",900,-0.35,-0.82
36,56,0,"2",900,-0.35,-0.82
44,56,1,"2",900,-0.35,-0.82
30,56,0,"2",900,-0.35,-0.82
40,56,0,"2",900,-0.35,-0.82
31,56,0,"2",900,-0.35,-0.82
37,56,0,"2",900,-0.35,-0.82
30,56,0,"2",900,-0.35,-0.82
32,56,0,"2",900,-0.35,-0.82
34,56,1,"2",900,-0.35,-0.82
37,56,1,"2",900,-0.35,-0.82
32,56,1,"2",900,-0.35,-0.82
25,56,0,"2",900,-0.35,-0.82
36,56,0,"2",900,-0.35,-0.82
38,56,0,"2",900,-0.35,-0.82
35,56,0,"2",900,-0.35,-0.82
40,56,0,"2",900,-0.35,-0.82
34,56,1,"2",900,-0.35,-0.82
36,56,1,"2",900,-0.35,-0.82
31,56,1,"2",900,-0.35,-0.82
37,56,1,"2",900,-0.35,-0.82
32,56,0,"2",900,-0.35,-0.82
41,56,0,"2",900,-0.35,-0.82
32,56,0,"2",900,-0.35,-0.82
34,56,1,"2",900,-0.35,-0.82
32,56,1,"2",900,-0.35,-0.82
42,56,0,"3",900,-0.35,-1.17
27,56,0,"3",900,-0.35,-1.17
27,56,1,"3",900,-0.35,-1.17
35,56,1,"3",900,-0.35,-1.17
40,56,0,"3",900,-0.35,-1.17
31,56,0,"3",900,-0.35,-1.17
34,56,0,"3",900,-0.35,-1.17
35,56,0,"3",900,-0.35,-1.17
38,56,0,"3",900,-0.35,-1.17
38,56,1,"3",900,-0.35,-1.17
32,56,0,"3",900,-0.35,-1.17
41,56,1,"3",900,-0.35,-1.17
34,56,0,"3",900,-0.35,-1.17
27,56,1,"3",900,-0.35,-1.17
28,56,1,"3",900,-0.35,-1.17
33,56,1,"3",900,-0.35,-1.17
41,56,0,"3",900,-0.35,-1.17
29,56,0,"3",900,-0.35,-1.17
39,56,1,"3",900,-0.35,-1.17
33,56,0,"3",900,-0.35,-1.17
35,56,1,"3",900,-0.35,-1.17
30,56,0,"3",900,-0.35,-1.17
33,56,1,"3",900,-0.35,-1.17
32,56,1,"3",900,-0.35,-1.17
38,56,0,"3",900,-0.35,-1.17
22,56,1,"3",900,-0.35,-1.17
33,56,1,"3",900,-0.35,-1.17
33,56,0,"3",900,-0.35,-1.17
33,56,0,"3",900,-0.35,-1.17
32,56,1,"3",900,-0.35,-1.17
30,56,0,"3",900,-0.35,-1.17
29,56,0,"3",900,-0.35,-1.17
39,56,0,"3",900,-0.35,-1.17
32,56,0,"3",900,-0.35,-1.17
38,56,0,"3",900,-0.35,-1.17
35,56,1,"3",900,-0.35,-1.17
37,56,0,"3",400,-1.83,-1.5
30,56,1,"3",400,-1.83,-1.5
36,56,0,"3",400,-1.83,-1.5
36,56,0,"3",400,-1.83,-1.5
43,56,1,"3",400,-1.83,-1.5
36,56,0,"3",400,-1.83,-1.5
32,56,1,"3",400,-1.83,-1.5
32,56,1,"3",400,-1.83,-1.5
39,56,0,"3",400,-1.83,-1.5
31,56,0,"3",400,-1.83,-1.5
31,56,0,"3",400,-1.93,-1.23
38,56,0,"3",400,-1.93,-1.23
32,56,1,"3",400,-1.93,-1.23
31,56,1,"3",400,-1.93,-1.23
37,56,1,"3",400,-1.93,-1.23
34,56,0,"3",400,-1.93,-1.23
36,56,0,"3",400,-1.93,-1.23
24,56,0,"3",400,-1.93,-1.23
34,56,1,"3",400,-1.93,-1.23
34,56,1,"3",400,-1.93,-1.23
35,56,0,"3",400,-1.93,-1.23
30,56,0,"3",400,-1.93,-1.23
38,56,1,"3",400,-1.93,-1.23
32,56,0,"3",400,-1.93,-1.23
39,56,0,"3",400,-1.93,-1.23
28,56,0,"3",400,-1.93,-1.23
37,56,0,"3",400,-1.93,-1.23
29,56,0,"3",400,-1.93,-1.23
39,56,1,"3",400,-1.93,-1.23
34,56,1,"3",400,-1.93,-1.23
27,56,1,"3",400,-1.93,-1.23
34,56,1,"3",400,-1.93,-1.23
34,56,0,"3",400,-1.93,-1.23
34,56,0,"3",400,-1.93,-1.23
30,56,1,"3",400,-1.93,-1.23
28,56,1,"3",400,-1.93,-1.23
33,56,1,"3",400,-1.93,-1.23
29,56,0,"3",400,-1.93,-1.23
32,56,0,"3",400,-1.93,-1.23
34,56,0,"3",400,-1.93,-1.23
36,56,0,"3",400,-1.93,-1.23
33,56,0,"3",400,-1.93,-1.23
35,56,0,"3",400,-1.93,-1.23
29,56,0,"3",400,-1.93,-1.23
37,56,0,"3",400,-1.93,-1.23
29,56,1,"3",400,-1.93,-1.23
35,56,1,"3",400,-1.93,-1.23
30,56,1,"3",400,-1.93,-1.23
39,56,1,"3",400,-1.93,-1.23
33,56,0,"3",400,-1.93,-1.23
31,56,0,"3",400,-1.93,-1.23
35,56,1,"3",400,-1.93,-1.23
38,56,1,"3",400,-1.93,-1.23
31,56,1,"3",400,-1.93,-1.23
41,56,0,"3",400,-1.93,-1.23
35,56,1,"3",400,-1.93,-1.23
35,56,0,"3",400,-1.93,-1.23
29,56,0,"3",400,-1.93,-1.23
35,56,0,"3",400,-1.93,-1.23
32,56,0,"3",400,-1.93,-1.23
37,56,0,"3",400,-1.93,-1.23
28,56,1,"3",600,-0.63,1.12
32,56,0,"3",600,-0.63,1.12
37,56,1,"3",600,-0.63,1.12
37,56,1,"3",600,-0.63,1.12
29,56,0,"3",600,-0.63,1.12
36,56,0,"3",600,-0.63,1.12
33,56,1,"3",600,-0.63,1.12
36,56,1,"3",600,-0.63,1.12
32,56,1,"3",600,-0.63,1.12
31,56,1,"3",600,-0.63,1.12
38,56,0,"3",600,-0.63,1.12
38,56,1,"3",600,-0.63,1.12
35,56,1,"3",600,-0.63,1.12
39,56,0,"3",600,-0.63,1.12
36,56,0,"3",600,-0.63,1.12
41,56,0,"3",600,-0.63,1.12
29,56,1,"3",600,-0.63,1.12
40,56,0,"3",600,-0.63,1.12
30,56,1,"3",600,-0.63,1.12
39,56,1,"3",600,-0.63,1.12
34,56,1,"3",600,-0.63,1.12
33,56,0,"3",600,-0.63,1.12
32,56,1,"3",600,-0.63,1.12
37,56,0,"3",600,-0.63,1.12
32,56,0,"3",600,-0.63,1.12
30,56,1,"3",600,-0.63,1.12
31,56,0,"3",600,-0.63,1.12
32,56,1,"3",600,-0.63,1.12
25,56,1,"3",600,-0.63,1.12
33,56,1,"3",600,-0.63,1.12
32,56,0,"3",600,-0.63,1.12
37,56,0,"3",600,-0.63,1.12
26,56,0,"3",600,-0.63,1.12
39,56,0,"3",600,-0.63,1.12
32,56,1,"3",600,-0.63,1.12
35,56,1,"3",600,-0.63,1.12
28,56,0,"3",600,-0.63,1.12
29,56,0,"3",600,-0.63,1.12
31,56,1,"3",600,-0.63,1.12
39,56,0,"3",600,-0.63,1.12
31,56,1,"3",600,-0.63,1.12
33,56,0,"3",600,-0.63,1.12
38,56,1,"3",600,-0.63,1.12
42,56,0,"3",200,0.76,-0.68
27,56,0,"3",200,0.76,-0.68
33,56,1,"3",200,0.76,-0.68
42,56,0,"3",200,0.76,-0.68
42,56,0,"3",200,0.76,-0.68
29,56,0,"3",200,0.76,-0.68
34,56,1,"3",200,0.76,-0.68
34,56,0,"3",200,0.76,-0.68
37,56,1,"3",200,0.76,-0.68
36,56,0,"3",200,0.76,-0.68
34,56,1,"3",200,0.76,-0.68
35,56,0,"3",200,0.76,-0.68
33,56,0,"3",200,0.76,-0.68
29,56,1,"3",200,0.76,-0.68
30,56,0,"3",200,0.76,-0.68
29,56,1,"3",200,0.76,-0.68
37,56,1,"3",200,0.76,-0.68
31,56,0,"3",1500,0.96,0.41
28,56,1,"3",1500,0.96,0.41
31,56,1,"3",1500,0.96,0.41
32,56,0,"3",1500,0.96,0.41
26,56,0,"3",1500,0.96,0.41
29,56,0,"3",1500,0.96,0.41
30,56,0,"3",1500,0.96,0.41
31,56,0,"3",1500,0.96,0.41
29,56,1,"3",1500,0.96,0.41
33,56,1,"3",1500,0.96,0.41
28,56,1,"3",1500,0.96,0.41
35,56,1,"3",1500,0.96,0.41
30,56,1,"3",1500,0.96,0.41
36,56,1,"3",1500,0.96,0.41
33,56,0,"3",1500,0.96,0.41
40,56,1,"3",1500,0.96,0.41
25,56,0,"3",1500,0.96,0.41
39,56,0,"3",1500,0.96,0.41
36,56,1,"3",1500,0.96,0.41
36,56,1,"3",1500,0.96,0.41
34,56,0,"3",1500,0.96,0.41
28,56,0,"3",1500,0.96,0.41
33,56,1,"3",1500,0.96,0.41
33,56,0,"3",1500,0.96,0.41
30,56,0,"3",1500,0.96,0.41
34,56,0,"3",1500,0.96,0.41
32,56,0,"3",1500,0.96,0.41
36,56,1,"3",1500,0.96,0.41
27,56,0,"3",1500,0.96,0.41
31,56,1,"3",1500,0.96,0.41
33,56,0,"3",1500,0.96,0.41
37,56,1,"3",1500,0.96,0.41
31,56,1,"3",1500,0.96,0.41
31,56,0,"3",1500,0.96,0.41
32,56,1,"3",1500,0.96,0.41
37,56,0,"3",1500,0.96,0.41
33,56,1,"3",1500,0.96,0.41
33,56,0,"3",1500,0.96,0.41
34,56,1,"3",1500,0.96,0.41
36,56,1,"3",1500,0.96,0.41
36,56,1,"3",1500,0.96,0.41
35,56,0,"3",1500,0.96,0.41
33,56,0,"3",1500,0.96,0.41
40,56,0,"3",1500,0.96,0.41
33,56,0,"3",1500,0.96,0.41
35,56,1,"3",1500,0.96,0.41
31,56,1,"3",1500,0.96,0.41
39,56,1,"3",1500,0.96,0.41
35,56,1,"3",1500,0.96,0.41
34,56,1,"3",1500,0.96,0.41
34,56,0,"3",1500,0.96,0.41
29,56,1,"3",1500,0.96,0.41
29,56,0,"3",1500,0.96,0.41
35,56,1,"3",1500,0.96,0.41
35,56,0,"3",1500,0.96,0.41
39,56,0,"3",1500,0.96,0.41
38,56,0,"3",1500,0.96,0.41
40,56,1,"3",1500,0.96,0.41
34,56,1,"3",1500,0.96,0.41
38,56,1,"3",1500,0.96,0.41
36,56,1,"3",1500,0.96,0.41
32,56,0,"3",1500,0.96,0.41
33,56,1,"3",1500,0.96,0.41
37,56,0,"3",1500,0.96,0.41
33,56,0,"3",1500,0.96,0.41
38,56,0,"3",1500,0.96,0.41
41,56,1,"3",1500,0.96,0.41
42,56,1,"3",1500,0.96,0.41
32,56,0,"3",1500,0.96,0.41
38,56,0,"3",1500,0.96,0.41
37,56,1,"3",1500,0.96,0.41
40,56,1,"3",1500,0.96,0.41
37,56,1,"3",1500,0.96,0.41
39,56,0,"3",1500,0.96,0.41
41,56,1,"3",1500,0.96,0.41
39,56,1,"3",1500,0.96,0.41
31,56,0,"3",1500,0.96,0.41
34,56,1,"3",1500,0.96,0.41
35,56,1,"3",1500,0.96,0.41
41,56,1,"3",1500,0.96,0.41
37,56,0,"3",1500,0.96,0.41
39,56,0,"3",1500,0.96,0.41
33,56,1,"3",1500,0.96,0.41
39,56,1,"3",1500,0.96,0.41
30,56,0,"3",1500,0.96,0.41
35,56,0,"3",1500,0.96,0.41
36,56,0,"3",1500,0.96,0.41
40,56,1,"3",1500,0.96,0.41
29,56,0,"3",1500,0.96,0.41
35,56,1,"3",1500,0.96,0.41
36,56,1,"3",1500,0.96,0.41
46,56,1,"3",1500,0.96,0.41
30,56,0,"3",1500,0.96,0.41
35,56,0,"3",1500,0.96,0.41
37,56,0,"3",1500,0.96,0.41
41,56,1,"3",1500,0.96,0.41
30,56,1,"3",1500,0.96,0.41
42,56,1,"3",1500,0.96,0.41
40,56,0,"3",1500,0.96,0.41
37,56,1,"2",200,0.44,-0.96
37,56,1,"2",200,0.44,-0.96
36,56,0,"2",200,0.44,-0.96
34,56,0,"2",200,0.44,-0.96
38,56,0,"2",200,0.44,-0.96
28,56,1,"2",200,0.44,-0.96
36,56,0,"2",200,0.44,-0.96
36,56,1,"2",200,0.44,-0.96
41,56,0,"2",200,0.44,-0.96
33,56,0,"2",200,0.44,-0.96
36,56,1,"2",200,0.44,-0.96
34,56,0,"2",200,0.44,-0.96
35,56,0,"2",200,0.44,-0.96
31,56,0,"2",200,0.44,-0.96
39,56,1,"2",200,0.44,-0.96
39,56,1,"2",200,0.44,-0.96
37,56,1,"2",200,0.44,-0.96
29,56,0,"2",200,0.44,-0.96
41,56,1,"2",200,0.44,-0.96
32,56,0,"2",1000,-0.32,2.58
39,56,0,"2",1000,-0.32,2.58
31,56,0,"2",1000,-0.32,2.58
30,56,0,"2",1000,-0.32,2.58
33,56,0,"2",1000,-0.32,2.58
39,56,0,"2",1000,-0.32,2.58
26,56,0,"2",1000,-0.32,2.58
38,56,0,"2",1000,-0.32,2.58
36,56,0,"2",1000,-0.32,2.58
41,56,0,"2",1000,-0.32,2.58
40,56,0,"2",1000,-0.32,2.58
41,56,0,"2",1000,-0.32,2.58
34,56,0,"2",1000,-0.32,2.58
37,56,0,"1",100,-0.57,-0.25
32,56,0,"1",100,-0.57,-0.25
40,56,1,"1",100,-0.57,-0.25
39,56,1,"1",100,-0.57,-0.25
35,56,1,"1",100,-0.57,-0.25
33,56,0,"1",100,-0.57,-0.25
33,56,1,"1",100,-0.57,-0.25
36,56,1,"1",100,-0.57,-0.25
41,56,1,"1",100,-0.57,-0.25
38,56,1,"1",100,-0.57,-0.25
37,56,0,"1",100,-0.57,-0.25
38,56,1,"1",100,-0.57,-0.25
38,56,1,"1",100,-0.57,-0.25
34,56,1,"3",300,-1.56,-0.93
38,56,0,"3",300,-1.56,-0.93
33,56,0,"3",300,-1.56,-0.93
36,56,1,"3",300,-1.56,-0.93
30,56,0,"3",300,-1.56,-0.93
32,56,0,"3",300,-1.56,-0.93
36,56,0,"3",300,-1.56,-0.93
41,56,0,"3",300,-1.56,-0.93
30,56,1,"3",300,-1.56,-0.93
39,56,0,"3",300,-1.56,-0.93
38,56,1,"3",300,-1.56,-0.93
40,56,1,"3",300,-1.56,-0.93
37,56,1,"3",300,-1.56,-0.93
38,56,0,"3",300,-1.56,-0.93
25,56,1,"3",300,-1.56,-0.93
35,56,1,"3",300,-1.56,-0.93
27,56,0,"3",300,-1.56,-0.93
34,56,0,"3",300,-1.56,-0.93
36,56,0,"3",300,-1.56,-0.93
40,56,0,"3",300,-1.56,-0.93
33,56,0,"3",300,-1.56,-0.93
35,56,1,"3",300,-1.56,-0.93
33,56,1,"3",300,-1.56,-0.93
35,56,1,"3",300,-1.56,-0.93
29,56,1,"3",300,-1.56,-0.93
34,56,0,"3",300,-1.56,-0.93
34,56,0,"3",300,-1.56,-0.93
34,56,1,"3",300,-1.56,-0.93
35,56,1,"3",300,-1.56,-0.93
38,56,1,"3",300,-1.56,-0.93
34,56,0,"3",300,-1.56,-0.93
39,56,0,"3",300,-1.56,-0.93
25,56,1,"3",300,-1.56,-0.93
32,56,1,"3",300,-1.56,-0.93
34,56,0,"3",300,-1.56,-0.93
30,56,1,"1",600,0.11,-0.3
29,56,1,"1",600,0.11,-0.3
36,56,0,"1",600,0.11,-0.3
34,56,1,"1",600,0.11,-0.3
42,56,0,"1",600,0.11,-0.3
34,56,1,"1",600,0.11,-0.3
37,56,1,"1",600,0.11,-0.3
34,56,1,"1",600,0.11,-0.3
43,56,0,"1",600,0.11,-0.3
31,56,0,"1",600,0.11,-0.3
35,56,0,"1",600,0.11,-0.3
34,56,1,"1",600,0.11,-0.3
34,56,0,"1",600,0.11,-0.3
31,56,1,"1",600,0.11,-0.3
29,56,1,"1",600,0.11,-0.3
33,56,1,"1",600,0.11,-0.3
36,56,1,"1",600,0.11,-0.3
32,56,0,"1",600,0.11,-0.3
40,56,1,"1",600,0.11,-0.3
36,56,1,"1",600,0.11,-0.3
40,56,1,"1",600,0.11,-0.3
32,56,0,"1",600,0.11,-0.3
33,56,1,"1",600,0.11,-0.3
29,56,0,"1",600,0.11,-0.3
34,56,0,"1",600,0.11,-0.3
27,56,1,"1",600,0.11,-0.3
33,56,1,"1",600,0.11,-0.3
35,56,0,"1",600,0.11,-0.3
38,56,0,"1",600,0.11,-0.3
33,56,1,"1",600,0.11,-0.3
30,56,0,"1",600,0.11,-0.3
32,56,0,"1",600,0.11,-0.3
40,56,0,"1",600,0.11,-0.3
31,56,0,"1",600,0.11,-0.3
32,56,0,"1",600,0.11,-0.3
36,56,1,"1",600,0.11,-0.3
36,56,1,"1",600,0.11,-0.3
27,56,1,"1",600,0.11,-0.3
36,56,0,"1",600,0.11,-0.3
41,56,1,"1",600,0.11,-0.3
40,56,0,"1",600,0.11,-0.3
34,56,1,"1",600,0.11,-0.3
36,56,1,"1",600,0.11,-0.3
33,56,1,"1",600,0.11,-0.3
33,56,1,"1",600,0.11,-0.3
30,56,0,"1",600,0.11,-0.3
31,56,0,"1",600,0.11,-0.3
35,56,1,"1",600,0.11,-0.3
33,56,0,"1",600,0.11,-0.3
30,56,0,"1",600,1.96,-0.2
35,56,1,"1",600,1.96,-0.2
35,56,1,"1",600,1.96,-0.2
37,56,0,"1",600,1.96,-0.2
36,56,1,"1",600,1.96,-0.2
35,56,0,"1",600,1.96,-0.2
36,56,1,"1",600,1.96,-0.2
38,56,0,"1",600,1.96,-0.2
32,56,0,"1",600,1.96,-0.2
35,56,1,"1",600,1.96,-0.2
35,56,1,"1",600,1.96,-0.2
38,56,0,"1",600,1.96,-0.2
28,56,0,"1",600,1.96,-0.2
39,56,1,"1",600,1.96,-0.2
27,56,0,"1",600,1.96,-0.2
29,56,0,"1",600,1.96,-0.2
32,56,0,"1",600,1.96,-0.2
34,56,0,"1",600,1.96,-0.2
32,56,0,"1",600,1.96,-0.2
31,56,0,"1",600,1.96,-0.2
34,56,0,"1",600,1.96,-0.2
34,56,0,"1",600,1.96,-0.2
31,56,0,"1",600,1.96,-0.2
36,56,1,"1",600,1.96,-0.2
34,56,1,"1",600,1.96,-0.2
26,56,0,"1",200,1.63,-0.29
33,56,0,"1",200,1.63,-0.29
37,56,0,"1",200,1.63,-0.29
34,56,0,"1",200,1.63,-0.29
32,56,1,"1",200,1.63,-0.29
38,56,1,"1",200,1.63,-0.29
37,56,0,"1",200,1.63,-0.29
34,56,1,"1",200,1.63,-0.29
32,56,1,"1",200,1.63,-0.29
41,56,0,"1",200,1.63,-0.29
36,56,1,"1",200,1.63,-0.29
35,56,1,"1",200,1.63,-0.29
34,56,0,"1",200,1.63,-0.29
34,56,1,"1",200,1.63,-0.29
38,56,1,"1",200,1.63,-0.29
33,56,1,"1",200,1.63,-0.29
35,56,0,"1",200,1.63,-0.29
33,56,0,"1",200,1.63,-0.29
34,56,0,"3",500,0.26,-0.13
30,56,0,"3",500,0.26,-0.13
34,56,1,"3",500,0.26,-0.13
32,56,1,"3",500,0.26,-0.13
38,56,1,"3",500,0.26,-0.13
33,56,1,"3",500,0.26,-0.13
34,56,0,"3",500,0.26,-0.13
37,56,0,"3",500,0.26,-0.13
35,56,1,"3",500,0.26,-0.13
35,56,1,"3",500,0.26,-0.13
32,56,1,"3",500,0.26,-0.13
38,56,1,"3",500,0.26,-0.13
36,56,0,"3",500,0.26,-0.13
28,56,0,"3",500,0.26,-0.13
42,56,0,"3",500,0.26,-0.13
33,56,1,"3",500,0.26,-0.13
40,56,1,"3",500,0.26,-0.13
33,56,0,"3",500,0.26,-0.13
34,56,1,"3",500,0.26,-0.13
37,56,1,"3",500,0.26,-0.13
33,56,1,"3",500,0.26,-0.13
34,56,1,"3",500,0.26,-0.13
36,56,0,"3",500,0.26,-0.13
37,56,0,"3",500,0.26,-0.13
42,56,0,"3",500,0.26,-0.13
34,56,1,"3",500,0.26,-0.13
37,56,0,"3",500,0.26,-0.13
37,56,1,"3",500,0.26,-0.13
41,56,0,"3",500,0.26,-0.13
33,56,1,"3",500,0.26,-0.13
36,56,1,"3",500,0.26,-0.13
31,56,1,"3",500,0.26,-0.13
29,56,0,"3",500,0.26,-0.13
30,56,0,"3",500,0.26,-0.13
33,56,0,"3",500,0.26,-0.13
27,56,1,"3",500,0.26,-0.13
35,56,1,"3",500,0.26,-0.13
28,56,1,"3",500,0.26,-0.13
32,56,0,"3",500,0.26,-0.13
29,56,1,"3",500,0.26,-0.13
39,56,1,"3",500,0.26,-0.13
27,56,1,"3",500,0.26,-0.13
25,56,0,"3",500,0.26,-0.13
34,56,1,"3",500,0.26,-0.13
30,56,0,"3",500,0.26,-0.13
36,56,0,"3",500,0.26,-0.13
33,56,0,"3",500,0.26,-0.13
35,56,1,"3",500,0.26,-0.13
34,56,1,"3",500,0.26,-0.13
29,56,1,"3",500,0.26,-0.13
33,56,0,"3",500,0.26,-0.13
31,56,1,"3",500,0.26,-0.13
33,56,1,"3",500,0.26,-0.13
30,56,0,"3",500,0.26,-0.13
33,56,0,"3",500,0.26,-0.13
35,56,0,"3",500,0.26,-0.13
34,56,1,"3",500,0.26,-0.13
32,56,1,"3",500,0.26,-0.13
35,56,1,"3",500,0.26,-0.13
35,56,1,"3",500,0.26,-0.13
35,56,1,"3",500,0.26,-0.13
28,56,0,"3",500,0.26,-0.13
33,56,1,"3",500,0.26,-0.13
32,56,1,"3",500,0.26,-0.13
33,56,0,"3",500,0.26,-0.13
29,56,1,"3",500,0.26,-0.13
32,56,1,"3",500,0.26,-0.13
30,56,1,"3",500,0.26,-0.13
35,56,0,"3",500,0.26,-0.13
25,56,0,"3",400,-0.27,-0.73
38,56,1,"3",400,-0.27,-0.73
30,56,0,"3",400,-0.27,-0.73
40,56,1,"3",400,-0.27,-0.73
26,56,0,"3",400,-0.27,-0.73
41,56,0,"3",400,-0.27,-0.73
33,56,1,"3",400,-0.27,-0.73
40,56,1,"3",400,-0.27,-0.73
27,56,0,"3",400,-0.27,-0.73
33,56,1,"3",400,-0.27,-0.73
35,56,0,"3",400,-0.27,-0.73
34,56,1,"3",400,-0.27,-0.73
31,56,0,"3",400,-0.27,-0.73
37,56,0,"3",400,-0.27,-0.73
36,56,0,"3",400,-0.27,-0.73
42,56,0,"3",400,-0.27,-0.73
27,56,1,"3",400,-0.27,-0.73
26,56,1,"3",400,-0.27,-0.73
32,56,1,"3",400,-0.27,-0.73
33,56,0,"3",400,-0.27,-0.73
33,56,1,"3",400,-0.27,-0.73
29,56,1,"3",400,-0.27,-0.73
36,56,0,"3",400,-0.27,-0.73
33,56,0,"3",400,-0.27,-0.73
32,56,0,"3",400,-0.27,-0.73
29,56,1,"3",400,-0.27,-0.73
32,56,0,"3",400,-0.27,-0.73
34,56,1,"3",400,-0.27,-0.73
28,56,0,"3",400,-0.27,-0.73
31,56,1,"3",400,-0.27,-0.73
30,56,0,"3",400,-0.27,-0.73
33,56,1,"3",400,-0.27,-0.73
26,56,1,"3",400,-0.27,-0.73
32,56,0,"3",400,-0.27,-0.73
30,56,0,"3",400,-0.27,-0.73
37,56,0,"3",400,-0.27,-0.73
28,56,0,"3",400,-0.27,-0.73
38,56,1,"3",400,-0.27,-0.73
34,56,0,"3",400,-0.27,-0.73
38,56,0,"3",400,-0.27,-0.73
24,56,0,"3",400,-0.27,-0.73
32,56,0,"3",400,-0.27,-0.73
33,56,1,"3",400,-0.27,-0.73
33,56,0,"3",400,-0.27,-0.73
23,56,0,"3",400,-0.27,-0.73
29,56,0,"3",400,-0.27,-0.73
30,56,1,"3",400,-0.27,-0.73
33,56,0,"3",500,-0.66,-0.86
27,56,0,"3",500,-0.66,-0.86
32,56,1,"3",500,-0.66,-0.86
32,56,0,"3",500,-0.66,-0.86
35,56,0,"3",500,-0.66,-0.86
32,56,1,"3",500,-0.66,-0.86
31,56,1,"3",500,-0.66,-0.86
35,56,0,"3",500,-0.66,-0.86
39,56,0,"3",500,-0.66,-0.86
34,56,1,"3",500,-0.66,-0.86
38,56,1,"3",500,-0.66,-0.86
38,56,1,"3",500,-0.66,-0.86
36,56,1,"3",500,-0.66,-0.86
36,56,1,"3",500,-0.66,-0.86
35,56,1,"3",500,-0.66,-0.86
38,56,1,"3",500,-0.66,-0.86
34,56,0,"3",500,-0.66,-0.86
22,56,0,"3",500,-0.66,-0.86
36,56,0,"3",500,-0.66,-0.86
27,56,1,"3",500,-0.66,-0.86
33,56,1,"3",500,-0.66,-0.86
30,56,0,"3",500,-0.66,-0.86
35,56,0,"3",500,-0.66,-0.86
34,56,0,"3",500,-0.66,-0.86
39,56,0,"3",500,-0.66,-0.86
30,56,1,"3",800,-0.7,-0.92
36,56,1,"3",800,-0.7,-0.92
29,56,1,"3",800,-0.7,-0.92
37,56,1,"3",800,-0.7,-0.92
29,56,1,"3",800,-0.7,-0.92
37,56,0,"3",800,-0.7,-0.92
38,56,0,"3",800,-0.7,-0.92
39,56,0,"3",800,-0.7,-0.92
30,56,1,"3",800,-0.7,-0.92
38,56,0,"3",800,-0.7,-0.92
34,56,1,"3",800,-0.7,-0.92
35,56,0,"3",800,-0.7,-0.92
33,56,1,"3",800,-0.7,-0.92
35,56,1,"3",800,-0.7,-0.92
34,56,0,"3",800,-0.7,-0.92
37,56,0,"3",800,-0.7,-0.92
33,56,0,"3",800,-0.7,-0.92
33,56,0,"3",800,-0.7,-0.92
36,56,0,"3",800,-0.7,-0.92
38,56,0,"3",800,-0.7,-0.92
31,56,0,"3",800,-0.7,-0.92
31,56,0,"3",800,-0.7,-0.92
38,56,1,"3",800,-0.7,-0.92
44,56,1,"3",800,-0.7,-0.92
31,56,1,"3",800,-0.7,-0.92
36,56,1,"3",800,-0.7,-0.92
38,56,1,"3",800,-0.7,-0.92
37,56,0,"3",800,-0.7,-0.92
36,56,0,"3",800,-0.7,-0.92
38,56,1,"3",800,-0.7,-0.92
37,56,1,"3",800,-0.7,-0.92
39,56,0,"3",800,-0.7,-0.92
28,56,0,"3",800,-0.7,-0.92
31,56,0,"3",800,-0.7,-0.92
33,56,1,"3",800,-0.7,-0.92
38,56,0,"3",800,-0.7,-0.92
34,56,0,"3",800,-0.7,-0.92
39,56,0,"3",800,-0.7,-0.92
32,56,0,"3",800,-0.7,-0.92
40,56,1,"3",800,-0.7,-0.92
25,56,1,"3",800,-0.7,-0.92
30,56,1,"3",800,-0.7,-0.92
32,56,0,"3",800,-0.7,-0.92
30,56,1,"3",800,-0.7,-0.92
34,56,1,"3",800,-0.7,-0.92
33,56,0,"3",800,-0.7,-0.92
34,56,0,"3",800,-0.7,-0.92
