"woman_id","score"
1,4
2,0
3,0
4,0
5,0
6,0
7,2
8,0
9,0
10,1
11,2
12,1
13,2
14,2
15,1
16,1
17,1
18,0
19,0
20,0
21,2
22,0
23,2
24,0
25,0
26,0
27,0
28,2
29,1
30,0
31,1
32,0
33,1
34,1
35,0
36,0
37,0
38,1
39,1
40,1
41,1
42,1
43,0
44,0
45,1
46,1
47,1
48,1
49,2
50,1
51,1
52,0
53,1
54,1
55,4
56,1
57,4
58,1
59,1
60,4
61,1
62,0
63,2
64,0
65,4
66,4
67,3
68,0
69,1
70,1
71,3
72,2
73,0
74,3
75,4
76,0
77,1
78,0
79,3
80,1
81,5
82,0
83,3
84,5
85,1
86,2
87,1
88,5
89,3
90,1
91,7
92,1
93,0
94,0
95,0
96,6
97,7
98,5
99,0
100,1
101,1
102,1
103,1
104,1
105,2
106,7
107,8
108,3
109,4
110,0
111,8
112,1
113,5
114,0
115,4
116,0
117,0
118,1
119,4
120,0
121,3
122,4
123,2
124,1
125,2
126,3
127,8
128,1
129,0
130,2
131,0
132,0
133,5
134,5
135,1
136,4
137,3
138,1
139,0
140,0
141,3
142,1
143,5
144,8
145,7
146,6
147,4
148,8
149,4
150,7
151,0
152,6
153,5
154,0
155,6
156,8
157,2
158,8
159,4
160,8
161,0
162,0
163,1
164,0
165,2
166,2
167,2
168,0
169,4
170,0
171,1
172,0
173,0
174,8
175,0
176,1
177,0
178,1
179,0
180,1
181,4
182,2
183,1
184,4
185,8
186,2
187,3
188,0
189,0
190,1
191,1
192,1
193,1
194,1
195,2
196,0
197,4
198,2
199,0
200,6
201,3
202,3
203,4
204,1
205,0
206,1
207,1
208,0
209,1
210,0
211,0
212,6
213,1
214,1
215,2
216,0
217,2
218,1
219,0
220,0
221,1
222,1
223,1
224,2
225,1
226,1
227,2
228,1
229,0
230,2
231,1
232,2
233,0
234,1
235,0
236,4
237,4
238,2
239,2
240,3
241,4
242,3
243,4
244,2
245,3
246,2
247,1
248,2
249,4
250,4
251,2
252,2
253,2
254,4
255,3
256,5
257,5
258,2
259,2
260,2
261,2
262,2
263,3
264,2
265,2
266,5
267,2
268,2
269,2
270,2
271,3
272,4
273,2
274,0
275,2
276,0
277,2
278,1
279,3
280,3
281,2
282,0
283,8
284,6
285,1
286,3
287,4
288,4
289,1
290,1
291,0
292,2
293,4
294,4
295,0
296,0
297,3
298,1
299,2
300,3
301,1
302,3
303,1
304,0
305,2
306,3
307,1
308,1
309,2
310,0
311,3
312,2
313,3
314,2
315,4
316,3
317,4
318,2
319,0
320,1
321,0
322,0
323,2
324,1
325,2
326,0
327,3
328,2
329,2
330,1
331,2
332,1
333,4
334,1
335,2
336,3
337,2
338,3
339,3
340,3
341,3
342,3
343,5
344,4
345,3
346,4
347,3
348,3
349,2
350,4
351,4
352,4
353,2
354,1
355,2
356,2
357,2
358,2
359,3
360,4
361,4
362,0
363,4
364,3
365,2
366,8
367,2
368,3
369,2
370,2
371,1
372,2
373,4
374,1
375,1
376,1
377,4
378,2
379,1
380,1
381,0
382,2
383,1
384,2
385,2
386,2
387,2
388,1
389,8
390,3
391,5
392,8
393,3
394,3
395,2
396,3
397,2
398,2
399,1
400,2
401,0
402,0
403,0
404,4
405,2
406,5
407,2
408,2
409,2
410,2
411,1
412,4
413,2
414,1
415,2
416,3
417,2
418,1
419,2
420,2
421,2
422,2
423,3
424,3
425,2
426,3
427,2
428,1
429,4
430,2
431,1
432,1
433,4
434,4
435,2
436,2
437,2
438,2
439,0
440,1
441,2
442,2
443,4
444,2
445,4
446,2
447,4
448,7
449,4
450,1
451,4
452,2
453,4
454,2
455,3
456,4
457,3
458,4
459,4
460,3
461,4
462,2
463,2
464,2
465,4
466,8
467,4
468,6
469,4
470,4
471,4
472,8
473,8
474,8
475,8
476,4
477,7
478,3
479,2
480,2
481,4
482,7
483,5
484,1
485,1
486,0
487,1
488,1
489,1
490,1
491,2
492,0
493,1
494,1
495,8
496,1
497,1
498,1
499,5
500,1
501,2
502,1
503,4
504,1
505,1
506,2
507,3
508,1
509,0
510,4
511,2
512,7
513,2
514,3
515,4
516,4
517,4
518,3
519,3
520,3
521,2
522,0
523,1
524,3
525,1
526,2
527,2
528,4
529,3
530,3
531,3
532,4
533,2
534,2
535,1
536,1
537,1
538,2
539,2
540,4
541,1
542,2
543,2
544,6
545,1
546,6
547,8
548,2
549,2
550,2
551,1
552,1
553,2
554,3
555,2
556,3
557,2
558,4
559,1
560,1
561,3
562,6
563,5
564,1
565,1
566,2
567,1
568,2
569,8
570,1
571,3
572,4
573,3
574,4
575,2
576,4
577,4
578,4
579,2
580,4
581,2
582,2
583,3
584,3
585,2
586,5
587,4
588,2
589,5
590,2
591,2
592,1
593,2
594,8
595,3
596,3
597,4
598,1
599,1
600,1
601,4
602,4
603,3
604,4
605,4
606,3
607,3
608,4
609,2
610,0
611,1
612,1
613,1
614,6
615,4
616,4
617,2
618,2
619,3
620,2
621,2
622,2
623,2
624,3
625,3
626,3
627,2
628,2
629,2
630,6
631,2
632,3
633,2
634,2
635,3
636,2
637,2
638,2
639,0
640,3
641,3
642,4
643,4
644,6
645,7
646,3
647,2
648,2
649,3
650,2
651,4
652,3
653,4
654,4
655,2
656,1
657,1
658,1
659,1
660,4
661,4
662,1
663,4
664,0
665,3
666,2
667,3
668,1
669,7
670,1
671,0
672,4
673,2
674,1
675,4
676,7
677,3
678,1
679,0
680,2
681,2
682,4
683,2
684,4
685,2
686,2
687,2
688,3
689,4
690,1
691,1
692,4
693,1
694,4
695,8
696,1
697,2
698,0
699,2
700,4
701,2
702,4
703,2
704,2
705,1
706,0
707,1
708,0
709,2
710,3
711,1
712,2
713,8
714,2
715,3
716,3
717,2
718,2
719,4
720,2
721,4
722,3
723,4
724,3
725,3
726,2
727,1
728,1
729,1
730,1
731,1
732,3
733,3
734,2
735,8
736,2
737,5
738,2
739,5
740,1
741,1
742,3
743,1
744,2
745,5
746,5
747,4
748,2
749,3
750,3
751,2
752,2
753,4
754,1
755,2
756,2
757,1
758,4
759,1
760,2
761,4
762,4
763,3
764,3
765,2
766,2
767,4
768,2
769,0
770,2
771,3
772,3
773,2
774,4
775,5
776,5
777,5
778,5
779,1
780,1
781,2
782,2
783,4
784,1
785,4
786,1
787,1
788,1
789,1
790,1
791,3
792,5
793,4
794,2
795,2
796,5
797,4
798,4
799,3
800,1
801,4
802,3
803,8
804,4
805,1
806,2
807,1
808,4
809,4
810,2
811,1
812,4
813,4
814,2
815,2
816,2
817,2
818,2
819,2
820,4
821,2
822,3
823,2
824,4
825,3
826,2
827,3
828,2
829,1
830,2
831,2
832,3
833,3
834,4
835,4
836,2
837,1
838,2
839,2
840,1
841,2
842,4
843,2
844,4
845,3
846,1
847,2
848,2
849,2
850,2
851,2
852,4
853,3
854,4
855,3
856,2
857,2
858,2
859,3
860,1
861,1
862,3
863,0
864,0
865,1
866,6
867,3
868,4
869,2
870,5
871,2
872,8
873,1
874,1
875,3
876,4
877,3
878,6
879,5
880,2
881,1
882,1
883,3
884,1
885,4
886,6
887,5
888,3
889,5
890,8
891,8
892,4
893,3
894,5
895,4
896,3
897,3
898,5
899,4
900,2
901,3
902,3
903,8
904,8
905,3
906,5
907,1
908,3
909,3
910,3
911,2
912,4
913,5
914,4
915,3
916,4
917,2
918,2
919,3
920,4
921,2
922,3
923,3
924,2
925,3
926,2
927,4
928,2
929,3
930,3
931,3
932,2
933,3
934,4
935,4
936,2
937,3
938,3
939,1
940,2
941,1
942,1
943,3
944,5
945,1
946,2
947,2
948,3
949,3
950,3
951,1
952,5
953,8
954,8
955,8
956,1
957,5
958,5
959,8
960,3
961,8
962,1
963,1
964,0
965,3
966,3
967,1
968,3
969,0
970,1
971,3
972,3
973,3
974,3
975,2
976,8
977,1
978,0
979,1
980,7
981,8
982,1
983,2
984,3
985,4
986,4
987,1
988,5
989,5
990,3
991,3
992,1
993,4
994,2
995,3
996,4
997,1
998,1
999,3
1000,3
1001,4
1002,8
1003,4
1004,0
1005,2
1006,2
1007,3
1008,3
1009,3
1010,3
1011,6
1012,1
1013,0
1014,0
1015,3
1016,1
1017,4
1018,7
1019,2
1020,0
1021,1
1022,5
1023,5
1024,3
1025,3
1026,5
1027,3
1028,0
1029,5
1030,6
1031,3
1032,3
1033,1
1034,3
1035,3
1036,2
1037,8
1038,5
1039,1
1040,1
1041,1
1042,1
1043,3
1044,3
1045,3
1046,3
1047,8
1048,5
1049,8
1050,2
1051,8
1052,6
1053,1
1054,3
1055,0
1056,4
1057,4
1058,2
1059,2
1060,1
1061,1
1062,2
1063,3
1064,3
1065,3
1066,2
1067,2
1068,1
1069,2
1070,2
1071,4
1072,3
1073,2
1074,2
1075,3
1076,3
1077,2
1078,2
1079,3
1080,4
1081,5
1082,4
1083,1
1084,2
1085,2
1086,2
1087,3
1088,2
1089,4
1090,2
1091,2
1092,2
1093,3
1094,2
1095,2
1096,2
1097,2
1098,4
1099,3
1100,4
1101,2
1102,4
1103,2
1104,4
1105,3
1106,3
1107,2
1108,1
1109,3
1110,3
1111,2
1112,2
1113,2
1114,3
1115,3
1116,4
1117,2
1118,2
1119,3
1120,3
1121,3
1122,4
1123,3
1124,3
1125,3
1126,4
1127,3
1128,2
1129,2
1130,4
1131,2
1132,2
1133,2
1134,3
1135,4
1136,2
1137,2
1138,3
1139,2
1140,3
1141,2
1142,2
1143,4
1144,2
1145,2
1146,2
1147,1
1148,2
1149,4
1150,4
1151,4
1152,2
1153,3
1154,2
1155,0
1156,1
1157,1
1158,2
1159,2
1160,1
1161,1
1162,2
1163,2
1164,4
1165,1
1166,1
1167,1
1168,6
1169,0
1170,6
1171,1
1172,3
1173,1
1174,1
1175,5
1176,0
1177,1
1178,0
1179,0
1180,1
1181,0
1182,1
1183,3
1184,5
1185,1
1186,2
1187,0
1188,1
1189,2
1190,2
1191,0
1192,1
1193,1
1194,2
1195,0
1196,3
1197,6
1198,1
1199,2
1200,1
1201,1
1202,1
1203,0
1204,2
1205,3
1206,2
1207,3
1208,6
1209,0
1210,2
1211,0
1212,3
1213,1
1214,2
1215,2
1216,2
1217,1
1218,1
1219,0
1220,1
1221,2
1222,1
1223,3
1224,1
1225,1
1226,0
1227,0
1228,0
1229,2
1230,4
1231,1
1232,2
1233,1
1234,1
1235,3
1236,2
1237,6
1238,5
1239,4
1240,2
1241,0
1242,2
1243,1
1244,5
1245,1
1246,2
1247,2
1248,1
1249,2
1250,1
1251,1
1252,3
1253,2
1254,5
1255,4
1256,4
1257,1
1258,1
1259,1
1260,3
1261,2
1262,3
1263,2
1264,1
1265,4
1266,0
1267,0
1268,3
1269,1
1270,1
1271,1
1272,0
1273,5
1274,3
1275,3
1276,1
1277,3
1278,8
1279,4
1280,1
1281,1
1282,0
1283,0
1284,3
1285,0
1286,0
1287,1
1288,1
1289,1
1290,3
1291,2
1292,2
1293,4
1294,3
1295,8
1296,2
1297,0
1298,1
1299,2
1300,1
1301,2
1302,1
1303,3
1304,5
1305,1
1306,8
1307,1
1308,4
1309,3
1310,3
1311,2
1312,3
1313,2
1314,0
1315,2
1316,2
1317,2
1318,6
1319,4
1320,2
1321,1
1322,3
1323,1
1324,1
1325,5
1326,8
1327,4
1328,1
1329,0
1330,2
1331,1
1332,2
1333,3
1334,2
1335,3
1336,2
1337,2
1338,4
1339,2
1340,3
1341,3
1342,1
1343,5
1344,2
1345,1
1346,7
1347,3
1348,1
1349,2
1350,2
1351,8
1352,0
1353,3
1354,1
1355,1
1356,1
1357,1
1358,1
1359,3
1360,3
1361,5
1362,3
1363,4
1364,2
1365,3
1366,1
1367,1
1368,6
1369,3
1370,1
1371,2
1372,2
1373,2
1374,1
1375,1
1376,1
1377,0
1378,3
1379,4
1380,1
1381,4
1382,0
1383,2
1384,2
1385,3
1386,1
1387,2
1388,1
1389,2
1390,3
1391,1
1392,3
1393,1
1394,1
1395,1
1396,0
1397,1
1398,1
1399,3
1400,1
1401,1
1402,1
1403,2
1404,2
1405,4
1406,2
1407,3
1408,1
1409,2
1410,3
1411,3
1412,0
1413,4
1414,3
1415,2
1416,4
1417,1
1418,1
1419,1
1420,3
1421,3
1422,3
1423,2
1424,5
1425,2
1426,4
1427,1
1428,1
1429,4
1430,3
1431,1
1432,6
1433,4
1434,4
1435,4
1436,3
1437,3
1438,0
1439,1
1440,4
1441,4
1442,0
1443,1
1444,2
1445,2
1446,2
1447,3
1448,0
1449,1
1450,3
1451,2
1452,1
1453,1
1454,1
1455,0
1456,0
1457,0
1458,1
1459,1
1460,4
1461,4
1462,2
1463,1
1464,1
1465,4
1466,0
1467,0
1468,3
1469,2
1470,1
1471,2
1472,1
1473,1
1474,4
1475,2
1476,0
1477,1
1478,0
1479,1
1480,2
1481,2
1482,4
1483,1
1484,1
1485,0
1486,1
1487,2
1488,0
1489,0
1490,1
1491,0
1492,1
1493,1
1494,1
1495,3
1496,0
1497,2
1498,2
1499,1
1500,0
1501,2
1502,0
1503,1
1504,0
1505,1
1506,2
1507,1
1508,0
1509,0
1510,0
1511,2
1512,2
1513,0
1514,0
1515,1
1516,0
1517,3
1518,1
1519,1
1520,0
1521,1
1522,0
1523,2
1524,1
1525,1
1526,1
1527,2
1528,2
1529,2
1530,1
1531,0
1532,3
1533,0
1534,1
1535,0
1536,2
1537,1
1538,1
1539,1
1540,2
1541,2
1542,0
1543,1
1544,1
1545,2
1546,1
1547,0
1548,1
1549,2
1550,3
1551,1
1552,1
1553,1
1554,1
1555,0
1556,2
1557,2
1558,0
1559,2
1560,1
1561,1
1562,0
1563,0
1564,0
1565,1
1566,0
1567,1
1568,1
1569,2
1570,1
1571,0
1572,1
1573,0
1574,3
1575,0
1576,1
1577,2
1578,0
1579,0
1580,1
1581,1
1582,2
1583,0
1584,0
1585,2
1586,3
1587,3
1588,3
1589,0
1590,2
1591,3
1592,4
1593,4
1594,2
1595,2
1596,3
1597,1
1598,3
1599,2
1600,2
1601,4
1602,3
1603,2
1604,2
1605,2
1606,5
1607,3
1608,4
1609,2
1610,3
1611,3
1612,2
1613,3
1614,2
1615,3
1616,3
1617,4
1618,0
1619,4
1620,4
1621,4
1622,2
1623,3
1624,1
1625,5
1626,2
1627,2
1628,4
1629,2
1630,4
1631,2
1632,2
1633,1
1634,4
1635,3
1636,3
1637,2
1638,3
1639,1
1640,2
1641,8
1642,4
1643,2
1644,3
1645,3
1646,5
1647,2
1648,2
1649,2
1650,3
1651,4
1652,5
1653,2
1654,2
1655,4
1656,3
1657,3
1658,2
1659,3
1660,2
1661,1
1662,2
1663,2
1664,4
1665,4
1666,4
1667,3
1668,2
1669,3
1670,4
1671,3
1672,1
1673,2
1674,4
1675,4
1676,3
1677,4
1678,1
1679,2
1680,1
1681,3
1682,2
1683,4
1684,4
1685,3
1686,3
1687,2
1688,2
1689,2
1690,2
1691,2
1692,4
1693,1
1694,4
1695,3
1696,2
1697,2
1698,3
1699,2
1700,1
1701,1
1702,2
1703,2
1704,1
1705,2
1706,1
1707,1
1708,3
1709,3
1710,4
1711,2
1712,3
1713,3
1714,4
1715,2
1716,1
1717,2
1718,3
1719,3
1720,4
1721,3
1722,2
1723,1
1724,3
1725,3
1726,1
1727,4
1728,2
1729,4
1730,4
1731,3
1732,4
1733,2
1734,2
1735,1
1736,1
1737,2
1738,4
1739,2
1740,1
1741,7
1742,2
1743,3
1744,3
1745,2
1746,3
1747,4
1748,2
1749,4
1750,3
1751,4
1752,2
1753,2
1754,3
1755,4
1756,2
1757,1
1758,3
1759,2
1760,2
1761,4
1762,4
1763,4
1764,3
1765,3
1766,2
1767,2
1768,5
1769,3
1770,3
1771,4
1772,3
1773,2
1774,2
1775,3
1776,2
1777,0
1778,0
1779,3
1780,2
1781,3
1782,2
1783,0
1784,1
1785,0
1786,0
1787,1
1788,2
1789,2
1790,2
1791,1
1792,3
1793,1
1794,1
1795,1
1796,2
1797,0
1798,2
1799,0
1800,1
1801,2
1802,4
1803,2
1804,1
1805,2
1806,2
1807,2
1808,0
1809,0
1810,4
1811,0
1812,0
1813,1
1814,0
1815,1
1816,0
1817,4
1818,1
1819,1
1820,1
1821,4
1822,4
1823,1
1824,1
1825,1
1826,2
1827,2
1828,3
1829,2
1830,5
1831,2
1832,2
1833,1
1834,2
1835,2
1836,2
1837,2
1838,0
1839,0
1840,0
1841,2
1842,3
1843,0
1844,0
1845,0
1846,1
1847,1
1848,2
1849,1
1850,1
1851,5
1852,3
1853,4
1854,5
1855,5
1856,2
1857,1
1858,2
1859,2
1860,0
1861,1
1862,1
1863,1
1864,2
1865,2
1866,1
1867,1
1868,1
1869,1
1870,2
1871,2
1872,4
1873,4
1874,2
1875,2
1876,2
1877,1
1878,1
1879,1
1880,1
1881,0
1882,0
1883,1
1884,1
1885,1
1886,1
1887,3
1888,2
1889,1
1890,6
1891,2
1892,4
1893,5
1894,1
1895,6
1896,3
1897,1
1898,0
1899,6
1900,1
1901,0
1902,6
1903,8
1904,6
1905,6
1906,8
1907,6
1908,5
1909,4
1910,1
1911,0
1912,3
1913,2
1914,2
1915,1
1916,1
1917,2
1918,0
1919,0
1920,0
1921,6
1922,5
1923,5
1924,4
1925,5
1926,2
1927,4
1928,0
1929,0
1930,0
1931,3
1932,0
1933,2
1934,2
1935,2
1936,3
1937,6
1938,1
1939,1
1940,3
1941,2
1942,1
1943,2
1944,2
1945,2
1946,1
1947,4
1948,0
1949,1
1950,1
1951,1
1952,3
1953,2
1954,2
1955,1
1956,2
1957,3
1958,2
1959,3
1960,3
1961,2
1962,2
1963,1
1964,1
1965,3
1966,2
1967,2
1968,2
1969,1
1970,2
1971,2
1972,2
1973,2
1974,0
1975,0
1976,1
1977,1
1978,7
1979,2
1980,2
1981,2
1982,2
1983,3
1984,3
1985,2
1986,2
1987,1
1988,2
1989,0
1990,0
1991,2
1992,3
1993,4
1994,3
1995,4
1996,4
1997,5
1998,4
1999,0
2000,2
2001,3
2002,3
2003,3
2004,2
2005,3
2006,4
2007,4
2008,5
2009,4
2010,6
2011,8
2012,8
2013,6
2014,4
2015,3
2016,1
2017,3
2018,3
2019,0
2020,2
2021,4
2022,2
2023,1
2024,3
2025,3
2026,5
2027,5
2028,4
2029,3
2030,3
2031,2
2032,3
2033,2
2034,3
2035,3
2036,4
2037,1
2038,3
2039,3
2040,2
2041,3
2042,2
2043,2
2044,0
2045,0
2046,2
2047,3
2048,0
2049,2
2050,2
2051,2
2052,2
2053,3
2054,3
2055,2
2056,1
2057,2
2058,3
2059,2
2060,4
2061,0
2062,0
2063,2
2064,2
2065,2
2066,2
2067,2
2068,0
2069,3
2070,3
2071,3
2072,2
2073,3
2074,2
2075,3
2076,0
2077,0
2078,2
2079,1
2080,2
2081,1
2082,0
2083,2
2084,3
2085,2
2086,0
2087,3
2088,2
2089,4
2090,2
2091,1
2092,1
2093,2
2094,3
2095,3
2096,2
2097,3
2098,0
2099,7
2100,4
2101,1
2102,3
2103,3
2104,2
2105,2
2106,2
2107,5
2108,3
2109,4
2110,3
2111,0
2112,2
2113,2
2114,3
2115,3
2116,1
2117,1
2118,1
2119,7
2120,1
2121,3
2122,8
2123,4
2124,2
2125,0
2126,5
2127,5
2128,2
2129,4
2130,7
2131,5
2132,6
2133,2
2134,4
2135,2
2136,2
2137,2
2138,3
2139,3
2140,4
2141,3
2142,3
2143,4
2144,3
2145,2
2146,3
2147,4
2148,6
2149,0
2150,2
2151,2
2152,1
2153,3
2154,1
2155,4
2156,1
2157,0
2158,1
2159,3
2160,0
2161,5
2162,3
2163,1
2164,1
2165,2
2166,2
2167,4
2168,5
2169,7
2170,3
2171,4
2172,2
2173,1
2174,4
2175,4
2176,7
2177,2
2178,2
2179,2
2180,2
2181,2
2182,0
2183,3
2184,4
2185,4
2186,2
2187,2
2188,3
2189,2
2190,2
2191,4
2192,3
2193,2
2194,3
2195,7
2196,2
2197,2
2198,1
2199,1
2200,1
2201,1
2202,1
2203,4
2204,3
2205,4
2206,4
2207,6
2208,2
2209,2
2210,3
2211,2
2212,1
2213,1
2214,1
2215,1
2216,3
2217,2
2218,2
2219,3
2220,3
2221,1
2222,1
2223,1
2224,4
2225,4
2226,5
2227,3
2228,3
2229,5
2230,2
2231,3
2232,1
2233,1
2234,1
2235,1
2236,1
2237,6
2238,3
2239,1
2240,5
2241,3
2242,3
2243,3
2244,2
2245,4
2246,7
2247,4
2248,5
2249,2
2250,1
2251,1
2252,2
2253,5
2254,2
2255,5
2256,2
2257,4
2258,4
2259,2
2260,3
2261,6
2262,3
2263,8
2264,3
2265,2
2266,3
2267,2
2268,6
2269,2
2270,6
2271,8
2272,3
2273,1
2274,3
2275,2
2276,1
2277,4
2278,4
2279,4
2280,8
2281,3
2282,3
2283,2
2284,4
2285,5
2286,6
2287,4
2288,4
2289,3
2290,3
2291,3
2292,7
2293,2
2294,6
2295,1
2296,1
2297,3
2298,2
2299,4
2300,2
2301,5
2302,5
2303,5
2304,0
2305,1
2306,2
2307,6
2308,1
2309,2
2310,4
2311,4
2312,1
2313,3
2314,2
2315,2
2316,0
2317,1
2318,4
2319,3
2320,3
2321,1
2322,2
2323,1
2324,4
2325,1
2326,1
2327,4
2328,5
2329,6
2330,4
2331,4
2332,5
2333,3
2334,1
2335,4
2336,4
2337,4
2338,5
2339,3
2340,3
2341,7
2342,6
2343,0
2344,2
2345,7
2346,2
2347,4
2348,1
2349,4
2350,2
2351,2
2352,1
2353,2
2354,5
2355,4
2356,1
2357,4
2358,3
2359,1
2360,1
2361,7
2362,8
2363,8
2364,3
2365,3
2366,0
2367,1
2368,8
2369,4
2370,4
2371,3
2372,3
2373,5
2374,5
2375,5
2376,3
2377,0
2378,4
2379,1
2380,4
2381,1
2382,2
2383,2
2384,1
2385,1
2386,2
2387,5
2388,3
2389,5
2390,4
2391,0
2392,4
2393,4
2394,2
2395,3
2396,4
2397,2
2398,5
2399,5
2400,4
2401,3
2402,3
2403,5
2404,2
2405,2
2406,3
2407,4
2408,1
2409,3
2410,0
2411,1
2412,0
2413,1
2414,1
2415,2
2416,1
2417,1
2418,0
2419,4
2420,2
2421,2
2422,2
2423,0
2424,1
2425,0
2426,1
2427,1
2428,1
2429,1
2430,3
2431,1
2432,1
2433,8
2434,1
2435,1
2436,4
2437,1
2438,0
2439,3
2440,0
2441,1
2442,0
2443,1
2444,3
2445,1
2446,1
2447,1
2448,1
2449,1
2450,2
2451,2
2452,1
2453,0
2454,1
2455,1
2456,1
2457,1
2458,3
2459,2
2460,3
2461,0
2462,4
2463,0
2464,0
2465,0
2466,2
2467,1
2468,0
2469,1
2470,1
2471,2
2472,0
2473,1
2474,0
2475,4
2476,3
2477,2
2478,4
2479,4
2480,4
2481,4
2482,4
2483,2
2484,2
2485,1
2486,3
2487,3
2488,1
2489,5
2490,4
2491,4
2492,3
2493,4
2494,4
2495,2
2496,3
2497,4
2498,1
2499,0
2500,1
2501,0
2502,3
2503,3
2504,6
2505,0
2506,4
2507,1
2508,2
2509,3
2510,3
2511,3
2512,3
2513,4
2514,4
2515,1
2516,4
2517,2
2518,1
2519,1
2520,1
2521,2
2522,0
2523,1
2524,4
2525,4
2526,2
2527,7
2528,3
2529,3
2530,4
2531,1
2532,4
2533,0
2534,3
2535,5
2536,4
2537,5
2538,4
2539,2
2540,3
2541,2
2542,2
2543,1
2544,2
2545,4
2546,1
2547,3
2548,2
2549,1
2550,6
2551,3
2552,2
2553,4
2554,4
2555,8
2556,1
2557,4
2558,5
2559,1
2560,1
2561,2
2562,1
2563,2
2564,2
2565,3
2566,1
2567,1
2568,4
2569,8
2570,1
2571,1
2572,2
2573,4
2574,1
2575,3
2576,5
2577,4
2578,4
2579,4
2580,4
2581,3
2582,5
2583,3
2584,2
2585,5
2586,1
2587,3
2588,6
2589,1
2590,6
2591,3
2592,1
2593,1
2594,3
2595,4
2596,2
2597,1
2598,1
2599,1
2600,4
2601,1
2602,5
2603,2
2604,1
2605,6
2606,1
2607,0
2608,4
2609,8
2610,5
2611,1
2612,1
2613,7
2614,2
2615,1
2616,1
2617,5
2618,7
2619,2
2620,1
2621,2
2622,3
2623,0
2624,5
2625,7
2626,2
2627,2
2628,5
2629,6
2630,1
2631,1
2632,1
2633,4
2634,1
2635,1
2636,5
2637,4
2638,2
2639,3
2640,2
2641,4
2642,3
2643,2
2644,3
2645,5
2646,2
2647,3
2648,2
2649,3
2650,8
2651,3
2652,2
2653,4
2654,1
2655,3
2656,7
2657,1
2658,1
2659,4
2660,1
2661,1
2662,2
2663,1
2664,4
2665,5
2666,3
2667,3
2668,3
2669,3
2670,4
2671,4
2672,4
2673,2
2674,4
2675,5
2676,3
2677,2
2678,4
2679,3
2680,2
2681,1
2682,4
2683,2
2684,3
2685,2
2686,2
2687,8
2688,5
2689,8
2690,4
2691,3
2692,4
2693,3
2694,2
2695,2
2696,1
2697,2
2698,4
2699,3
2700,1
2701,2
2702,1
2703,5
2704,2
2705,2
2706,0
2707,1
2708,3
2709,5
2710,0
2711,1
2712,2
2713,2
2714,2
2715,1
2716,5
2717,5
2718,5
2719,7
2720,3
2721,3
2722,2
2723,1
2724,0
2725,2
2726,3
2727,1
2728,3
2729,8
2730,8
2731,7
2732,3
2733,2
2734,5
2735,5
2736,1
2737,6
2738,8
2739,1
2740,3
2741,4
2742,2
2743,1
2744,2
2745,2
2746,4
2747,1
2748,2
2749,1
2750,0
2751,3
2752,3
2753,6
2754,7
2755,8
2756,8
2757,2
2758,4
2759,3
2760,3
2761,3
2762,2
2763,6
2764,3
2765,3
2766,1
2767,3
2768,1
2769,4
2770,4
2771,4
2772,0
2773,6
2774,3
2775,4
2776,2
2777,2
2778,1
2779,1
2780,1
2781,2
2782,1
2783,2
2784,5
2785,6
2786,6
2787,5
2788,6
2789,1
2790,2
2791,0
2792,4
2793,4
2794,1
2795,5
2796,3
2797,8
2798,3
2799,3
2800,8
2801,3
2802,4
2803,4
2804,8
2805,5
2806,8
2807,5
2808,1
2809,0
2810,3
2811,3
2812,0
2813,1
2814,1
2815,5
2816,2
2817,0
2818,5
2819,3
2820,4
2821,4
2822,2
2823,4
2824,2
2825,3
2826,4
2827,0
2828,2
2829,8
2830,0
2831,1
2832,4
2833,0
2834,3
2835,2
2836,1
2837,2
2838,2
2839,0
2840,1
2841,2
2842,2
2843,1
2844,1
2845,1
2846,5
2847,3
2848,4
2849,3
2850,0
2851,3
2852,1
2853,1
2854,2
2855,2
2856,4
2857,0
2858,2
2859,1
2860,3
2861,8
2862,2
2863,3
2864,2
2865,2
2866,6
2867,1
2868,3
2869,2
2870,2
2871,0
2872,5
2873,8
2874,6
2875,0
2876,1
2877,3
2878,7
2879,6
2880,5
2881,2
2882,8
2883,1
2884,1
2885,1
2886,1
2887,6
2888,2
2889,2
2890,1
2891,2
2892,1
2893,4
2894,1
2895,3
2896,2
2897,6
2898,4
2899,3
2900,2
2901,3
2902,0
2903,0
2904,2
2905,2
2906,3
2907,2
2908,1
2909,2
2910,1
2911,2
2912,1
2913,4
2914,3
2915,3
2916,7
2917,3
2918,5
2919,4
2920,2
2921,2
2922,2
2923,2
2924,2
2925,2
2926,3
2927,4
2928,7
2929,3
2930,4
2931,3
2932,4
2933,3
2934,1
2935,1
2936,5
2937,2
2938,1
2939,2
2940,1
2941,2
2942,4
2943,3
2944,3
2945,3
2946,3
2947,3
2948,3
2949,1
2950,2
2951,3
2952,3
2953,7
2954,1
2955,2
2956,1
2957,1
2958,2
2959,2
2960,0
2961,5
2962,4
2963,2
2964,2
2965,2
2966,1
2967,1
2968,2
2969,0
2970,0
2971,5
2972,2
2973,1
2974,3
2975,4
2976,3
2977,0
2978,2
2979,1
2980,2
2981,2
2982,1
2983,1
2984,2
2985,2
2986,1
2987,1
2988,6
2989,1
2990,1
2991,2
2992,3
2993,2
2994,1
2995,5
2996,2
2997,5
2998,2
2999,2
3000,1
3001,0
3002,8
3003,1
3004,3
3005,1
3006,5
3007,3
3008,4
3009,3
3010,8
3011,7
3012,1
3013,2
3014,1
3015,1
3016,2
3017,2
3018,2
3019,1
3020,2
3021,7
3022,2
3023,1
3024,1
3025,1
3026,1
3027,2
3028,1
3029,1
3030,3
3031,3
3032,3
3033,0
3034,0
3035,0
3036,0
3037,0
3038,2
3039,1
3040,1
3041,0
3042,2
3043,7
3044,5
3045,6
3046,0
3047,3
3048,0
3049,3
3050,2
3051,1
3052,1
3053,2
3054,4
3055,2
3056,2
3057,7
3058,4
3059,2
3060,2
3061,4
3062,5
3063,6
3064,4
3065,2
3066,3
3067,0
3068,1
3069,2
3070,5
3071,2
3072,2
3073,2
3074,4
3075,2
3076,3
3077,2
3078,3
3079,5
3080,3
3081,3
3082,7
3083,2
3084,4
3085,3
3086,7
3087,5
3088,1
3089,3
3090,2
3091,3
3092,4
3093,1
3094,6
3095,3
3096,3
3097,2
3098,0
3099,0
3100,3
3101,4
3102,2
3103,2
3104,3
3105,2
3106,0
3107,1
3108,2
3109,8
3110,2
3111,2
3112,5
3113,5
3114,4
3115,2
3116,8
3117,4
3118,7
3119,4
3120,3
3121,8
3122,8
3123,5
3124,2
3125,3
3126,3
3127,6
3128,4
3129,2
3130,8
3131,3
3132,5
3133,2
3134,4
3135,5
3136,5
3137,2
3138,6
3139,4
3140,4
3141,3
3142,4
3143,4
3144,4
3145,4
3146,4
3147,8
3148,5
3149,4
3150,3
3151,4
3152,4
3153,4
3154,7
3155,4
3156,3
3157,2
3158,8
3159,5
3160,1
3161,3
3162,4
3163,5
3164,4
3165,3
3166,2
3167,8
3168,3
3169,2
3170,7
3171,5
3172,5
3173,3
3174,3
3175,4
3176,2
3177,2
3178,2
3179,5
3180,5
3181,3
3182,4
3183,7
3184,5
3185,2
3186,4
3187,4
3188,2
3189,3
3190,5
3191,5
3192,2
3193,4
3194,2
3195,2
3196,2
3197,4
3198,4
3199,4
3200,2
3201,3
3202,2
3203,3
3204,2
3205,6
3206,7
3207,2
3208,4
3209,3
3210,4
3211,7
3212,4
3213,6
3214,2
3215,3
3216,8
3217,2
3218,4
3219,3
3220,4
3221,2
3222,4
3223,4
3224,3
3225,4
3226,2
3227,3
3228,2
3229,3
3230,3
3231,2
3232,3
3233,4
3234,3
3235,8
3236,5
3237,3
3238,1
3239,2
3240,2
3241,8
3242,3
3243,3
3244,2
3245,3
3246,2
3247,2
3248,5
3249,2
3250,3
3251,2
3252,3
3253,2
3254,3
3255,2
3256,2
3257,2
3258,3
3259,5
3260,2
3261,8
3262,3
3263,2
3264,5
3265,3
3266,3
3267,3
3268,2
3269,3
3270,2
3271,2
3272,3
3273,8
3274,3
3275,2
3276,3
3277,1
3278,2
3279,2
3280,2
3281,0
3282,2
3283,1
3284,2
3285,2
3286,2
3287,2
3288,2
3289,2
3290,2
3291,2
3292,4
3293,2
3294,3
3295,4
3296,1
3297,1
3298,1
3299,0
3300,2
3301,2
3302,4
3303,2
3304,2
3305,2
3306,1
3307,1
3308,1
3309,2
3310,2
3311,2
3312,1
3313,3
3314,4
3315,2
3316,3
3317,2
3318,3
3319,2
3320,4
3321,3
3322,3
3323,3
3324,1
3325,2
3326,2
3327,2
3328,2
3329,1
3330,1
3331,2
3332,1
3333,2
3334,3
3335,1
3336,2
3337,3
3338,2
3339,0
3340,3
3341,3
3342,1
3343,4
3344,0
3345,8
3346,0
3347,1
3348,0
3349,1
3350,3
3351,0
3352,0
3353,0
3354,3
3355,0
3356,1
3357,0
3358,1
3359,1
3360,2
3361,2
3362,2
3363,2
3364,2
3365,0
3366,2
3367,1
3368,4
3369,2
3370,2
3371,5
3372,2
3373,1
3374,3
3375,4
3376,3
3377,0
3378,3
3379,1
3380,2
3381,2
3382,3
3383,2
3384,0
3385,2
3386,3
3387,2
3388,4
3389,2
3390,1
3391,2
3392,3
3393,4
3394,1
3395,0
3396,1
3397,1
3398,4
3399,2
3400,7
3401,4
3402,2
3403,2
3404,2
3405,2
3406,2
3407,2
3408,2
3409,2
3410,2
3411,2
3412,1
3413,4
3414,4
3415,2
3416,5
3417,2
3418,2
3419,1
3420,2
3421,1
3422,0
3423,8
3424,5
3425,1
3426,1
3427,2
3428,5
3429,2
3430,2
3431,2
3432,3
3433,1
3434,4
3435,2
3436,0
3437,2
3438,3
3439,2
3440,1
3441,4
3442,2
3443,2
3444,3
3445,1
3446,2
3447,3
3448,3
3449,3
3450,4
3451,1
3452,3
3453,1
3454,3
3455,3
3456,4
3457,5
3458,4
3459,5
3460,4
3461,3
3462,3
3463,2
3464,4
3465,3
3466,3
3467,3
3468,4
3469,3
3470,3
3471,4
3472,2
3473,3
3474,2
3475,2
3476,1
3477,5
3478,3
3479,2
3480,2
3481,2
3482,3
3483,1
3484,2
3485,4
3486,3
3487,3
3488,2
3489,2
3490,2
3491,6
3492,5
3493,6
3494,0
3495,4
3496,2
3497,4
3498,8
3499,8
3500,5
3501,2
3502,4
3503,3
3504,3
3505,3
3506,3
3507,1
3508,3
3509,4
3510,2
3511,4
3512,3
3513,3
3514,4
3515,2
3516,2
3517,3
3518,8
3519,3
3520,3
3521,4
3522,4
3523,3
3524,2
3525,2
3526,5
3527,4
3528,4
3529,7
3530,5
3531,5
3532,5
3533,3
3534,4
3535,3
3536,2
3537,3
3538,7
3539,4
3540,2
3541,4
3542,5
3543,4
3544,7
3545,8
3546,8
3547,7
3548,6
3549,6
3550,3
3551,6
3552,6
3553,6
3554,2
3555,8
3556,2
3557,2
3558,6
3559,6
3560,0
3561,0
3562,1
3563,0
3564,4
3565,1
3566,1
3567,0
3568,0
3569,0
3570,0
3571,0
3572,0
3573,0
3574,0
3575,4
3576,2
3577,1
3578,0
3579,0
3580,0
3581,3
3582,0
3583,0
3584,3
3585,5
3586,0
3587,1
3588,2
3589,2
3590,0
3591,0
3592,0
3593,0
3594,1
3595,8
3596,2
3597,2
3598,0
3599,6
3600,0
3601,4
3602,1
3603,1
3604,2
3605,2
3606,2
3607,0
3608,0
3609,2
3610,1
3611,2
3612,0
3613,2
3614,0
3615,0
3616,3
3617,1
3618,2
3619,2
3620,2
3621,3
3622,1
3623,2
3624,4
3625,1
3626,1
3627,2
3628,1
3629,1
3630,3
3631,0
3632,0
3633,3
3634,0
3635,1
3636,0
3637,0
3638,4
3639,0
3640,2
3641,1
3642,0
3643,0
3644,3
3645,3
3646,1
3647,1
3648,2
3649,3
3650,2
3651,3
3652,2
3653,3
3654,2
3655,1
3656,2
3657,2
3658,3
3659,2
3660,2
3661,2
3662,2
3663,3
3664,3
3665,2
3666,2
3667,1
3668,2
3669,2
3670,2
3671,2
3672,3
3673,2
3674,2
3675,2
3676,3
3677,2
3678,3
3679,3
3680,2
3681,2
3682,2
3683,3
3684,2
3685,4
3686,3
3687,1
3688,4
3689,3
3690,2
3691,4
3692,3
3693,4
3694,2
3695,2
3696,4
3697,2
3698,2
3699,4
3700,2
3701,1
3702,4
3703,4
3704,1
3705,2
3706,3
3707,2
3708,4
3709,4
3710,2
3711,3
3712,1
3713,2
3714,5
3715,3
3716,1
3717,3
3718,3
3719,4
3720,3
3721,2
3722,1
3723,3
3724,4
3725,3
3726,3
3727,2
3728,3
3729,1
3730,2
3731,2
3732,1
3733,3
3734,3
3735,2
3736,1
3737,3
3738,5
3739,0
3740,1
3741,2
3742,3
3743,5
3744,5
3745,0
3746,4
3747,2
3748,3
3749,3
3750,8
3751,3
3752,3
3753,4
3754,3
3755,4
3756,2
3757,2
3758,4
3759,3
3760,4
3761,2
3762,1
3763,2
3764,2
3765,5
3766,3
3767,6
3768,2
3769,2
3770,7
3771,4
3772,3
3773,1
3774,0
3775,8
3776,1
3777,6
3778,1
3779,7
3780,5
3781,8
3782,3
3783,3
3784,5
3785,3
3786,8
3787,8
3788,3
3789,3
3790,3
3791,4
3792,2
3793,4
3794,2
3795,3
3796,0
3797,1
3798,0
3799,2
3800,2
3801,2
3802,2
3803,2
3804,4
3805,2
3806,8
3807,4
3808,4
3809,2
3810,1
3811,4
3812,1
3813,1
3814,3
3815,3
3816,4
3817,1
3818,3
3819,1
3820,4
3821,3
3822,3
3823,4
3824,4
3825,4
3826,2
3827,4
3828,2
3829,2
3830,2
3831,2
3832,4
3833,4
3834,0
3835,2
3836,1
3837,1
3838,1
3839,1
3840,2
3841,2
3842,2
3843,3
3844,3
3845,3
3846,2
3847,2
3848,2
3849,2
3850,2
3851,4
3852,4
3853,4
3854,0
3855,4
3856,0
3857,2
3858,0
3859,5
3860,4
3861,4
3862,2
3863,2
3864,3
3865,1
3866,5
3867,2
3868,0
3869,2
3870,2
3871,4
3872,3
3873,0
3874,4
3875,2
3876,8
3877,3
3878,3
3879,1
3880,2
3881,1
3882,4
3883,3
3884,2
3885,2
3886,4
3887,5
3888,4
3889,1
3890,5
3891,5
3892,5
3893,1
3894,5
3895,4
3896,3
3897,2
3898,1
3899,1
3900,1
3901,2
3902,1
3903,2
3904,4
3905,0
3906,1
3907,4
3908,4
3909,2
3910,3
3911,8
3912,2
3913,4
3914,5
3915,4
3916,4
3917,2
3918,1
3919,2
3920,6
3921,1
3922,0
3923,1
3924,2
3925,4
3926,2
3927,2
3928,8
3929,2
3930,2
3931,1
3932,0
3933,1
3934,2
3935,7
3936,6
3937,4
3938,1
3939,1
3940,0
3941,2
3942,1
3943,1
3944,5
3945,3
3946,3
3947,3
3948,6
3949,8
3950,1
3951,1
3952,3
3953,2
3954,1
3955,2
3956,2
3957,0
3958,2
3959,3
3960,2
3961,3
3962,1
3963,2
3964,8
3965,6
3966,1
3967,1
3968,2
3969,1
3970,0
3971,1
3972,1
3973,2
3974,2
3975,1
3976,1
3977,1
3978,2
3979,2
3980,2
3981,2
3982,3
3983,3
3984,2
3985,1
3986,4
3987,4
3988,0
3989,1
3990,2
3991,1
3992,1
3993,2
3994,1
3995,6
3996,5
3997,3
3998,0
3999,2
4000,3
4001,1
4002,0
4003,2
4004,2
4005,2
4006,5
4007,3
4008,2
4009,2
4010,0
4011,1
4012,2
4013,5
4014,1
4015,1
4016,0
4017,2
4018,2
4019,0
4020,0
4021,1
4022,1
4023,4
4024,2
4025,8
4026,3
4027,3
4028,5
4029,4
4030,3
4031,3
4032,6
4033,3
4034,2
4035,2
4036,2
4037,2
4038,1
4039,4
4040,3
4041,0
4042,1
4043,3
4044,0
4045,2
4046,5
4047,0
4048,5
4049,4
4050,0
4051,1
4052,4
4053,1
4054,3
4055,3
4056,2
4057,3
4058,3
4059,0
4060,4
4061,4
4062,4
4063,6
4064,4
4065,0
4066,1
4067,1
4068,0
4069,0
4070,4
4071,2
4072,2
4073,0
4074,0
4075,5
4076,4
4077,4
4078,4
4079,0
4080,1
4081,3
4082,2
4083,0
4084,0
4085,8
4086,2
4087,0
4088,2
4089,5
4090,4
4091,4
4092,0
4093,0
4094,0
4095,2
4096,4
4097,3
4098,2
4099,3
4100,5
4101,1
4102,1
4103,1
4104,0
4105,1
4106,1
4107,3
4108,0
4109,1
4110,2
4111,1
4112,2
4113,2
4114,0
4115,3
4116,1
4117,0
4118,1
4119,3
4120,2
4121,0
4122,0
4123,0
4124,4
4125,2
4126,3
4127,0
4128,0
4129,3
4130,0
4131,2
4132,6
4133,3
4134,2
4135,1
4136,3
4137,4
4138,0
4139,1
4140,1
4141,1
4142,1
4143,2
4144,0
4145,2
4146,0
4147,4
4148,2
4149,2
4150,2
4151,3
4152,2
4153,2
4154,2
4155,1
4156,0
4157,2
4158,2
4159,0
4160,2
4161,1
4162,0
4163,1
4164,1
4165,2
4166,1
4167,1
4168,2
4169,1
4170,1
4171,2
4172,2
4173,2
4174,1
4175,4
4176,2
4177,1
4178,8
4179,0
4180,2
4181,0
4182,0
4183,0
4184,0
4185,0
4186,2
4187,3
4188,2
4189,1
4190,3
4191,4
4192,2
4193,2
4194,4
4195,2
4196,2
4197,2
4198,2
4199,2
4200,4
4201,4
4202,2
4203,4
4204,2
4205,2
4206,3
4207,2
4208,3
4209,3
4210,2
4211,3
4212,4
4213,4
4214,3
4215,2
4216,2
4217,2
4218,4
4219,3
4220,4
4221,2
4222,3
4223,4
4224,2
4225,1
4226,2
4227,3
4228,3
4229,2
4230,2
4231,2
4232,2
4233,3
4234,2
4235,3
4236,3
4237,2
4238,4
4239,3
4240,2
4241,2
4242,5
4243,4
4244,2
4245,3
4246,0
4247,1
4248,1
4249,1
4250,2
4251,0
4252,0
4253,3
4254,3
4255,1
4256,1
4257,2
4258,2
4259,8
4260,4
4261,3
4262,2
4263,0
4264,3
4265,2
4266,2
4267,1
4268,0
4269,1
4270,1
4271,2
4272,3
4273,2
4274,2
4275,1
4276,2
4277,3
4278,1
4279,0
4280,0
4281,1
4282,3
4283,2
4284,2
4285,1
4286,3
4287,5
4288,1
4289,3
4290,1
4291,3
4292,4
4293,4
4294,3
4295,2
4296,5
4297,3
4298,4
4299,2
4300,4
4301,3
4302,2
4303,3
4304,2
4305,4
4306,2
4307,3
4308,3
4309,3
4310,3
4311,3
4312,1
4313,2
4314,3
4315,4
4316,4
4317,3
4318,3
4319,2
4320,1
4321,3
4322,4
4323,2
4324,2
4325,1
4326,3
4327,3
4328,3
4329,3
4330,1
4331,2
4332,4
4333,1
4334,3
4335,5
4336,0
4337,7
4338,0
4339,1
4340,5
4341,0
4342,3
4343,8
4344,1
4345,1
4346,6
4347,4
4348,0
4349,0
4350,2
4351,3
4352,0
4353,5
4354,2
4355,8
4356,0
4357,4
4358,4
4359,3
4360,0
4361,0
4362,1
4363,2
4364,0
4365,1
4366,1
4367,0
4368,0
4369,1
4370,2
4371,0
4372,0
4373,0
4374,1
4375,2
4376,3
4377,3
4378,1
4379,3
4380,0
4381,0
4382,4
4383,0
4384,0
4385,8
4386,3
4387,6
4388,6
4389,8
4390,1
4391,2
4392,4
4393,3
4394,3
4395,0
4396,0
4397,0
4398,7
4399,3
4400,3
4401,4
4402,1
4403,0
4404,0
4405,0
4406,1
4407,0
4408,7
4409,5
4410,2
4411,0
4412,6
4413,4
4414,1
4415,0
4416,0
4417,0
4418,7
4419,7
4420,0
4421,0
4422,3
4423,4
4424,5
4425,5
4426,3
4427,5
4428,0
4429,3
4430,1
4431,0
4432,0
4433,0
4434,0
4435,2
4436,0
4437,0
4438,2
4439,0
4440,2
4441,1
4442,3
4443,0
4444,3
4445,3
4446,0
4447,2
4448,0
4449,0
4450,0
4451,2
4452,3
4453,2
4454,2
4455,2
4456,1
4457,0
4458,0
4459,1
4460,1
4461,1
4462,0
4463,0
4464,1
4465,1
4466,0
4467,0
4468,3
4469,0
4470,0
4471,4
4472,3
4473,0
4474,0
4475,1
4476,0
4477,0
4478,0
4479,0
4480,0
4481,3
4482,0
4483,4
4484,5
4485,4
4486,5
4487,8
4488,3
4489,3
4490,5
4491,0
4492,3
4493,4
4494,3
4495,1
4496,6
4497,3
4498,2
4499,1
4500,3
4501,5
4502,3
4503,3
4504,5
4505,8
4506,1
4507,8
4508,1
4509,0
4510,4
4511,2
4512,4
4513,3
4514,3
4515,2
4516,4
4517,2
4518,2
4519,3
4520,2
4521,3
4522,3
4523,0
4524,6
4525,1
4526,3
4527,8
4528,5
4529,2
4530,4
4531,2
4532,0
4533,1
4534,2
4535,1
4536,0
4537,0
4538,1
4539,4
4540,2
4541,5
4542,3
4543,7
4544,4
4545,6
4546,1
4547,3
4548,0
4549,3
4550,4
4551,3
4552,0
4553,5
4554,4
4555,4
4556,0
4557,2
4558,5
4559,1
4560,1
4561,3
4562,2
4563,2
4564,0
4565,3
4566,4
4567,0
4568,1
4569,1
4570,0
4571,2
4572,4
4573,2
4574,3
4575,1
4576,1
4577,4
4578,3
4579,0
4580,3
4581,4
4582,4
4583,2
4584,2
4585,0
4586,4
4587,3
4588,0
4589,2
4590,1
4591,1
4592,6
4593,2
4594,1
4595,0
4596,3
4597,0
4598,6
4599,0
4600,0
4601,2
4602,0
4603,5
4604,4
4605,0
4606,1
4607,1
4608,0
4609,0
4610,3
4611,0
4612,3
4613,3
4614,3
4615,1
4616,1
4617,1
4618,2
4619,1
4620,2
4621,8
4622,4
4623,0
4624,4
4625,2
4626,7
4627,4
4628,5
4629,2
4630,2
4631,3
4632,5
4633,3
4634,3
4635,2
4636,3
4637,2
4638,1
4639,3
4640,2
4641,3
4642,3
4643,2
4644,2
4645,2
4646,3
4647,0
4648,3
4649,2
4650,0
4651,3
4652,4
4653,2
4654,2
4655,3
4656,8
4657,1
4658,2
4659,2
4660,0
4661,2
4662,4
4663,5
4664,1
4665,2
4666,3
4667,1
4668,2
4669,4
4670,0
4671,2
4672,2
4673,2
4674,2
4675,1
4676,2
4677,3
4678,3
4679,2
4680,2
4681,2
4682,8
4683,4
4684,4
4685,2
4686,2
4687,2
4688,2
4689,1
4690,2
4691,2
4692,0
4693,2
4694,1
4695,4
4696,4
4697,1
4698,1
4699,0
4700,1
4701,1
4702,3
4703,5
4704,7
4705,0
4706,3
4707,4
4708,1
4709,0
4710,2
4711,1
4712,0
4713,0
4714,1
4715,2
4716,3
4717,3
4718,2
4719,2
4720,0
4721,1
4722,1
4723,0
4724,0
4725,1
4726,0
4727,1
4728,1
4729,2
4730,6
4731,7
4732,6
4733,2
4734,1
4735,8
4736,2
4737,3
4738,4
4739,6
4740,1
4741,6
4742,5
4743,1
4744,1
4745,2
4746,2
4747,7
4748,8
4749,1
4750,3
4751,2
4752,4
4753,4
4754,1
4755,2
4756,2
4757,2
4758,8
4759,4
4760,2
4761,2
4762,2
4763,2
4764,8
4765,1
4766,1
4767,1
4768,0
4769,0
4770,0
4771,0
4772,3
4773,3
4774,2
4775,2
4776,1
4777,6
4778,1
4779,8
4780,6
4781,6
4782,0
4783,2
4784,2
4785,2
4786,3
4787,2
4788,2
4789,2
4790,0
4791,0
4792,0
4793,0
4794,0
4795,0
4796,0
4797,1
4798,1
4799,1
4800,3
4801,1
4802,2
4803,2
4804,1
4805,0
4806,3
4807,2
4808,3
4809,8
4810,0
4811,1
4812,1
4813,1
4814,0
4815,1
4816,0
4817,0
4818,1
4819,5
4820,1
4821,1
4822,0
4823,1
4824,2
4825,2
4826,1
4827,5
4828,2
4829,2
4830,4
4831,2
4832,2
4833,1
4834,1
4835,4
4836,0
4837,1
4838,1
4839,0
4840,0
4841,2
4842,0
4843,1
4844,2
4845,2
4846,2
4847,0
4848,1
4849,0
4850,0
4851,0
4852,2
4853,1
4854,1
4855,1
4856,0
4857,1
4858,1
4859,1
4860,4
4861,1
4862,8
4863,4
4864,2
4865,1
4866,1
4867,2
4868,2
4869,1
4870,0
4871,2
4872,1
4873,2
4874,2
4875,1
4876,2
4877,0
4878,1
4879,1
4880,2
4881,1
4882,0
4883,1
4884,2
4885,0
4886,2
4887,2
4888,0
4889,1
4890,2
4891,4
4892,2
4893,3
4894,0
4895,2
4896,0
4897,0
4898,4
4899,1
4900,0
4901,0
4902,0
4903,1
4904,2
4905,2
4906,0
4907,0
4908,1
4909,1
4910,2
4911,5
4912,0
4913,1
4914,1
4915,4
4916,2
4917,3
4918,3
4919,8
4920,3
4921,1
4922,3
4923,2
4924,1
4925,1
4926,2
4927,4
4928,4
4929,1
4930,2
4931,1
4932,2
4933,4
4934,2
4935,7
4936,4
4937,3
4938,2
4939,1
4940,2
4941,3
4942,3
4943,4
4944,2
4945,5
4946,2
4947,2
4948,1
4949,1
4950,1
4951,2
4952,0
4953,1
4954,1
4955,1
4956,1
4957,1
4958,4
4959,4
4960,0
4961,1
4962,2
4963,1
4964,4
4965,1
4966,1
4967,1
4968,1
4969,2
4970,1
4971,1
4972,1
4973,5
4974,3
4975,1
4976,2
4977,1
4978,2
4979,1
4980,1
4981,1
4982,1
4983,1
4984,4
4985,2
4986,5
4987,4
4988,1
4989,1
4990,4
4991,1
4992,5
4993,4
4994,2
4995,3
4996,2
4997,1
4998,3
4999,1
5000,1
5001,5
5002,2
5003,1
5004,2
5005,1
5006,2
5007,8
5008,1
5009,2
5010,2
5011,2
5012,3
5013,1
5014,3
5015,2
5016,2
5017,2
5018,1
5019,1
5020,4
5021,3
5022,3
5023,3
5024,1
5025,2
5026,3
5027,5
5028,3
5029,3
5030,4
5031,1
5032,4
5033,2
5034,2
5035,1
5036,1
5037,0
5038,1
5039,8
5040,2
5041,2
5042,3
5043,4
5044,1
5045,2
5046,2
5047,1
5048,4
5049,2
5050,5
5051,1
5052,3
5053,3
5054,1
5055,1
5056,3
5057,5
5058,8
5059,1
5060,4
5061,2
5062,1
5063,2
5064,4
5065,3
5066,3
5067,1
5068,2
5069,3
5070,2
5071,3
5072,1
5073,3
5074,3
5075,2
5076,7
5077,7
5078,7
5079,2
5080,8
5081,0
5082,2
5083,8
5084,0
5085,2
5086,2
5087,2
5088,5
5089,0
5090,0
5091,2
5092,5
5093,0
5094,3
5095,4
5096,3
5097,1
5098,1
5099,6
5100,1
5101,5
5102,4
5103,1
5104,0
5105,1
5106,0
5107,2
5108,3
5109,3
5110,8
5111,4
5112,4
5113,0
5114,0
5115,2
5116,2
5117,0
5118,3
5119,1
5120,2
5121,3
5122,0
5123,3
5124,4
5125,1
5126,8
5127,0
5128,0
5129,2
5130,1
5131,0
5132,2
5133,1
5134,0
5135,2
5136,0
5137,0
5138,1
5139,1
5140,1
5141,0
5142,0
5143,1
5144,3
5145,1
5146,0
5147,0
5148,0
5149,7
5150,2
5151,7
5152,4
5153,0
5154,0
5155,4
5156,3
5157,2
5158,3
5159,2
5160,3
5161,2
5162,4
5163,1
5164,4
5165,1
5166,2
5167,1
5168,2
5169,2
5170,8
5171,5
5172,2
5173,7
5174,4
5175,0
5176,0
5177,3
5178,0
5179,1
5180,3
5181,8
5182,6
5183,0
5184,1
5185,3
5186,2
5187,5
5188,1
5189,4
5190,4
5191,1
5192,3
5193,4
5194,2
5195,2
5196,1
5197,0
5198,2
5199,5
5200,5
5201,0
5202,0
5203,1
5204,2
5205,2
5206,1
5207,2
5208,0
5209,2
5210,3
5211,3
5212,0
5213,3
5214,2
5215,0
5216,0
5217,0
5218,0
5219,1
5220,1
5221,2
5222,2
5223,0
5224,3
5225,1
5226,3
5227,0
5228,5
5229,7
5230,7
5231,5
5232,8
5233,1
5234,1
5235,6
5236,6
5237,5
5238,1
5239,3
5240,5
5241,5
5242,6
5243,1
5244,3
5245,4
5246,1
5247,3
5248,1
5249,1
5250,1
5251,2
5252,1
5253,6
5254,0
5255,8
5256,5
5257,0
5258,1
5259,1
5260,0
5261,0
5262,4
5263,2
5264,3
5265,0
5266,1
5267,4
5268,1
5269,1
5270,3
5271,2
5272,1
5273,0
5274,2
5275,1
5276,2
5277,4
5278,0
5279,1
5280,0
5281,4
5282,1
5283,1
5284,2
5285,3
5286,4
5287,3
5288,5
5289,1
5290,1
5291,0
5292,1
5293,0
5294,0
5295,1
5296,3
5297,1
5298,3
5299,4
5300,4
5301,4
5302,5
5303,4
5304,1
5305,1
5306,2
5307,1
5308,5
5309,8
5310,1
5311,4
5312,2
5313,2
5314,2
5315,1
5316,2
5317,1
5318,4
5319,2
5320,1
5321,2
5322,1
5323,1
5324,2
5325,4
5326,1
5327,1
5328,2
5329,2
5330,1
5331,3
5332,2
5333,3
5334,1
5335,3
5336,3
5337,2
5338,4
5339,1
5340,3
5341,8
5342,1
5343,2
5344,2
5345,2
5346,1
5347,1
5348,1
5349,1
5350,1
5351,2
5352,1
5353,1
5354,1
5355,3
5356,2
5357,2
5358,1
5359,0
5360,2
5361,1
5362,2
5363,1
5364,2
5365,3
5366,1
5367,4
5368,1
5369,1
5370,8
5371,3
5372,1
5373,2
5374,2
5375,5
5376,1
5377,2
5378,4
5379,0
5380,1
5381,3
5382,3
5383,3
5384,5
5385,8
5386,3
5387,6
5388,0
5389,0
5390,4
5391,2
5392,8
5393,2
5394,1
5395,8
5396,0
5397,0
5398,2
5399,1
5400,0
5401,1
5402,2
5403,0
5404,5
5405,4
5406,3
5407,2
5408,8
5409,2
5410,0
5411,4
5412,5
5413,0
5414,1
5415,0
5416,1
5417,1
5418,7
5419,1
5420,8
5421,8
5422,2
5423,2
5424,6
5425,0
5426,1
5427,0
5428,0
5429,3
5430,2
5431,2
5432,4
5433,5
5434,1
5435,2
5436,8
5437,0
5438,0
5439,4
5440,4
5441,4
5442,3
5443,1
5444,1
5445,0
5446,0
5447,3
5448,0
5449,4
5450,0
5451,1
5452,0
5453,1
5454,1
5455,1
5456,4
5457,2
5458,2
5459,1
5460,1
5461,5
5462,0
5463,5
5464,3
5465,1
5466,3
5467,3
5468,0
5469,1
5470,4
5471,2
5472,2
5473,3
5474,8
5475,1
5476,8
5477,0
5478,3
5479,2
5480,5
5481,8
5482,6
5483,4
5484,4
5485,4
5486,2
5487,0
5488,5
5489,2
5490,3
5491,0
5492,1
5493,1
5494,2
5495,4
5496,0
5497,1
5498,0
5499,0
5500,2
5501,4
5502,3
5503,6
5504,1
5505,2
5506,2
5507,2
5508,4
5509,1
5510,1
5511,3
5512,0
5513,3
5514,4
5515,5
5516,3
5517,3
5518,3
5519,0
5520,4
5521,0
5522,1
5523,3
5524,2
5525,3
5526,3
5527,1
5528,3
5529,1
5530,3
5531,3
5532,6
5533,1
5534,4
5535,3
5536,2
5537,3
5538,3
5539,3
5540,3
5541,1
5542,2
5543,2
5544,2
5545,2
5546,1
5547,1
5548,4
5549,2
5550,6
5551,4
5552,0
5553,4
5554,1
5555,2
5556,0
5557,0
5558,1
5559,2
5560,2
5561,5
5562,2
5563,3
5564,3
5565,0
5566,2
5567,2
5568,2
5569,0
5570,8
5571,1
5572,5
5573,3
5574,6
5575,1
5576,1
5577,3
5578,3
5579,1
5580,8
5581,2
5582,0
5583,0
5584,8
5585,1
5586,5
5587,3
5588,3
5589,3
5590,3
5591,2
5592,4
5593,6
5594,8
5595,3
5596,7
5597,2
5598,3
5599,5
5600,1
5601,2
5602,4
5603,0
5604,8
5605,1
5606,8
5607,5
5608,2
5609,6
5610,2
5611,2
5612,2
5613,3
5614,1
5615,0
5616,8
5617,6
5618,3
5619,3
5620,3
5621,2
5622,2
5623,2
5624,3
5625,1
5626,8
5627,3
5628,4
5629,4
5630,6
5631,1
5632,2
5633,1
5634,0
5635,1
5636,1
5637,1
5638,5
5639,2
5640,2
5641,4
5642,1
5643,1
5644,1
5645,2
5646,1
5647,1
5648,2
5649,3
5650,2
5651,3
5652,1
5653,5
5654,3
5655,8
5656,0
5657,0
5658,0
5659,0
5660,0
5661,2
5662,1
5663,2
5664,0
5665,2
5666,0
5667,0
5668,1
5669,2
5670,1
5671,2
5672,0
5673,2
5674,0
5675,0
5676,0
5677,0
5678,0
5679,0
5680,0
5681,2
5682,1
5683,0
5684,0
5685,0
5686,3
5687,0
5688,2
5689,2
5690,1
5691,0
5692,0
5693,7
5694,8
5695,6
5696,8
5697,0
5698,0
5699,1
5700,1
5701,0
5702,0
5703,6
5704,6
5705,0
5706,0
5707,4
5708,2
5709,0
5710,0
5711,0
5712,1
5713,1
5714,1
5715,2
5716,4
5717,3
5718,0
5719,0
5720,0
5721,0
5722,1
5723,1
5724,2
5725,1
5726,1
5727,0
5728,2
5729,1
5730,0
5731,0
5732,4
5733,1
5734,0
5735,0
5736,0
5737,3
5738,1
5739,2
5740,0
5741,0
5742,0
5743,8
5744,2
5745,0
5746,6
5747,1
5748,2
5749,2
5750,2
5751,0
5752,0
5753,4
5754,0
5755,0
5756,0
5757,1
5758,0
5759,0
5760,0
5761,1
5762,1
5763,1
5764,0
5765,0
5766,2
5767,2
5768,0
5769,1
5770,2
5771,2
5772,0
5773,0
5774,3
5775,3
5776,1
5777,3
5778,0
5779,0
5780,0
5781,1
5782,1
5783,2
5784,4
5785,1
5786,0
5787,1
5788,0
5789,2
5790,0
5791,1
5792,0
5793,0
5794,1
5795,8
5796,2
5797,0
5798,2
5799,0
5800,1
5801,8
5802,0
5803,0
5804,1
5805,1
5806,3
5807,2
5808,1
5809,7
5810,8
5811,6
5812,0
5813,3
5814,1
5815,1
5816,2
5817,3
5818,0
5819,1
5820,0
5821,3
5822,1
5823,1
5824,0
5825,3
5826,2
5827,5
5828,7
5829,1
5830,1
5831,8
5832,5
5833,8
5834,3
5835,1
5836,0
5837,1
5838,0
5839,1
5840,4
5841,6
5842,0
5843,2
5844,1
5845,1
5846,0
5847,0
5848,1
5849,4
5850,1
5851,1
5852,1
5853,5
5854,8
5855,6
5856,6
5857,5
5858,3
5859,8
5860,3
5861,1
5862,0
5863,5
5864,6
5865,1
5866,1
5867,4
5868,1
5869,1
5870,1
5871,1
5872,1
5873,1
5874,2
5875,2
5876,4
5877,4
5878,1
5879,1
5880,2
5881,3
5882,4
5883,3
5884,2
5885,3
5886,2
5887,4
5888,1
5889,2
5890,3
5891,2
5892,3
5893,1
5894,4
5895,4
5896,2
5897,3
5898,2
5899,3
5900,4
5901,5
5902,7
5903,4
5904,3
5905,3
5906,2
5907,4
5908,4
5909,4
5910,4
5911,2
5912,0
5913,4
5914,4
5915,3
5916,2
5917,4
5918,5
5919,1
5920,4
5921,2
5922,2
5923,1
5924,3
5925,8
5926,2
5927,2
5928,3
5929,3
5930,2
5931,4
5932,2
5933,4
5934,1
5935,1
5936,2
5937,2
5938,3
5939,3
5940,3
5941,4
5942,3
5943,1
5944,2
5945,4
5946,1
5947,3
5948,3
5949,2
5950,4
5951,4
5952,1
5953,3
5954,2
5955,3
5956,4
5957,2
5958,1
5959,4
5960,5
5961,1
5962,1
5963,3
5964,2
5965,3
5966,3
5967,3
5968,2
5969,2
5970,2
5971,2
5972,2
5973,2
5974,4
5975,1
5976,1
5977,2
5978,4
5979,3
5980,3
5981,2
5982,3
5983,3
5984,8
5985,4
5986,3
5987,3
5988,2
5989,1
5990,3
5991,3
5992,1
5993,3
5994,4
5995,6
5996,2
5997,3
5998,2
5999,3
6000,3
6001,2
6002,4
6003,3
6004,4
6005,1
6006,1
6007,1
6008,4
6009,2
6010,1
6011,2
6012,3
6013,3
6014,2
6015,3
6016,4
6017,1
6018,1
6019,2
6020,3
6021,2
6022,3
6023,2
6024,2
6025,4
6026,2
6027,2
6028,2
6029,4
6030,3
6031,4
6032,3
6033,2
6034,2
6035,1
6036,2
6037,2
6038,4
6039,2
6040,2
6041,2
6042,3
6043,4
6044,4
6045,2
6046,3
6047,3
6048,2
6049,4
6050,2
6051,1
6052,4
6053,2
6054,2
6055,3
6056,4
6057,4
6058,2
6059,3
6060,3
6061,3
6062,4
6063,4
6064,5
6065,3
6066,2
6067,4
6068,3
6069,2
6070,2
6071,4
6072,1
6073,3
6074,3
6075,3
6076,4
6077,2
6078,3
6079,2
6080,1
6081,2
6082,2
6083,2
6084,2
6085,2
6086,2
6087,2
6088,1
6089,2
6090,3
6091,2
6092,4
6093,2
6094,2
6095,2
6096,2
6097,4
6098,4
6099,3
6100,3
6101,2
6102,4
6103,2
6104,2
6105,2
6106,2
6107,2
6108,2
6109,2
6110,1
6111,1
6112,2
6113,2
6114,2
6115,4
6116,3
6117,2
6118,2
6119,2
6120,1
6121,1
6122,2
6123,3
6124,3
6125,2
6126,4
6127,4
6128,2
6129,1
6130,2
6131,3
6132,2
6133,2
6134,3
6135,2
6136,2
6137,2
6138,1
6139,1
6140,3
6141,2
6142,4
6143,3
6144,3
6145,2
6146,2
6147,2
6148,2
6149,3
6150,2
6151,1
6152,1
6153,2
6154,2
6155,2
6156,2
6157,2
6158,2
6159,2
6160,6
6161,3
6162,2
6163,3
6164,2
6165,1
6166,2
6167,2
6168,3
6169,2
6170,2
6171,2
6172,2
6173,4
6174,3
6175,2
6176,2
6177,4
6178,1
6179,2
6180,4
6181,2
6182,1
6183,3
6184,2
6185,2
6186,2
6187,2
6188,3
6189,2
6190,3
6191,4
6192,3
6193,2
6194,4
6195,2
6196,3
6197,4
6198,4
6199,4
6200,3
6201,2
6202,2
6203,3
6204,3
6205,6
6206,4
6207,8
6208,8
6209,3
6210,4
6211,8
6212,2
6213,5
6214,2
6215,1
6216,1
6217,2
6218,7
6219,2
6220,1
6221,3
6222,4
6223,2
6224,3
6225,4
6226,2
6227,3
6228,3
6229,3
6230,2
6231,4
6232,1
6233,1
6234,3
6235,2
6236,4
6237,2
6238,3
6239,1
6240,3
6241,2
6242,8
6243,2
6244,1
6245,3
6246,2
6247,4
6248,2
6249,2
6250,2
6251,3
6252,2
6253,2
6254,2
6255,2
6256,4
6257,2
6258,4
6259,2
6260,3
6261,2
6262,2
6263,3
6264,3
6265,3
6266,2
6267,4
6268,3
6269,2
6270,5
6271,3
6272,2
6273,1
6274,3
6275,2
6276,2
6277,1
6278,2
6279,1
6280,2
6281,3
6282,4
6283,2
6284,4
6285,4
6286,1
6287,2
6288,3
6289,4
6290,2
6291,2
6292,4
6293,4
6294,2
6295,3
6296,0
6297,3
6298,3
6299,5
6300,1
6301,5
6302,7
6303,2
6304,1
6305,4
6306,7
6307,5
6308,3
6309,1
6310,1
6311,1
6312,1
6313,2
6314,2
6315,4
6316,2
6317,6
6318,6
6319,7
6320,4
6321,3
6322,8
6323,4
6324,1
6325,1
6326,8
6327,2
6328,5
6329,3
6330,3
6331,3
6332,2
6333,2
6334,2
6335,2
6336,7
6337,1
6338,3
6339,6
6340,7
6341,6
6342,6
6343,4
6344,2
6345,4
6346,7
6347,2
6348,8
6349,2
6350,4
6351,2
6352,2
6353,4
6354,3
6355,5
6356,2
6357,3
6358,6
6359,2
6360,3
6361,3
6362,2
6363,4
6364,2
6365,2
6366,2
6367,5
6368,3
6369,2
6370,3
6371,2
6372,5
6373,3
6374,3
6375,3
6376,2
6377,2
6378,3
6379,4
6380,2
6381,4
6382,2
6383,4
6384,4
6385,4
6386,2
6387,2
6388,3
6389,3
6390,2
6391,2
6392,3
6393,2
6394,2
6395,2
6396,3
6397,2
6398,3
6399,2
6400,4
6401,2
6402,2
6403,4
6404,3
6405,2
6406,2
6407,2
6408,4
6409,2
6410,2
6411,4
6412,2
6413,1
6414,2
6415,4
6416,3
6417,2
6418,2
6419,3
6420,4
6421,4
6422,2
6423,3
6424,2
6425,2
6426,2
6427,3
6428,5
6429,3
6430,2
6431,3
6432,2
6433,3
6434,3
6435,3
6436,4
6437,4
6438,2
6439,2
6440,3
6441,2
6442,3
6443,2
6444,2
6445,3
6446,2
6447,3
6448,2
6449,4
6450,4
6451,3
6452,2
6453,2
6454,3
6455,2
6456,7
6457,2
6458,2
6459,5
6460,3
6461,1
6462,2
6463,2
6464,2
6465,2
6466,2
6467,2
6468,2
6469,3
6470,2
6471,2
6472,3
6473,5
6474,2
6475,5
6476,3
6477,1
6478,6
6479,6
6480,5
6481,3
6482,4
6483,2
6484,5
6485,2
6486,1
6487,4
6488,2
6489,5
6490,2
6491,1
6492,7
6493,8
6494,3
6495,1
6496,2
6497,2
6498,3
6499,5
6500,5
6501,2
6502,2
6503,2
6504,1
6505,1
6506,0
6507,6
6508,1
6509,3
6510,1
6511,2
6512,1
6513,1
6514,1
6515,2
6516,7
6517,1
6518,1
6519,3
6520,2
6521,1
6522,2
6523,2
6524,8
6525,2
6526,1
6527,4
6528,3
6529,3
6530,1
6531,1
6532,3
6533,2
6534,3
6535,6
6536,7
6537,3
6538,5
6539,6
6540,5
6541,3
6542,3
6543,3
6544,2
6545,3
6546,2
6547,1
6548,2
6549,1
6550,2
6551,4
6552,1
6553,4
6554,3
6555,2
6556,2
6557,4
6558,2
6559,3
6560,1
6561,3
6562,2
6563,5
6564,4
6565,3
6566,2
6567,2
6568,2
6569,3
6570,2
6571,1
6572,1
6573,1
6574,1
6575,3
6576,2
6577,3
6578,2
6579,4
6580,3
6581,2
6582,3
6583,3
6584,2
6585,2
6586,2
6587,2
6588,3
6589,2
6590,2
6591,2
6592,3
6593,3
6594,3
6595,3
6596,8
6597,2
6598,3
6599,2
6600,2
6601,3
6602,3
6603,2
6604,2
6605,2
6606,2
6607,4
6608,2
6609,2
6610,3
6611,2
6612,4
6613,4
6614,6
6615,2
6616,2
6617,2
6618,6
6619,4
6620,2
6621,3
6622,5
6623,2
6624,2
6625,2
6626,2
6627,2
6628,2
6629,7
6630,2
6631,3
6632,2
6633,2
6634,5
6635,3
6636,3
6637,1
6638,3
6639,2
6640,2
6641,1
6642,4
6643,3
6644,2
6645,0
6646,4
6647,2
6648,2
6649,3
6650,2
6651,2
6652,2
6653,4
6654,2
6655,2
6656,4
6657,1
6658,1
6659,2
6660,3
6661,3
6662,3
6663,3
6664,7
6665,2
6666,4
6667,2
6668,2
6669,2
6670,3
6671,2
6672,2
6673,4
6674,3
6675,2
6676,2
6677,2
6678,4
6679,4
6680,3
6681,3
6682,4
6683,4
6684,4
6685,4
6686,4
6687,6
6688,4
6689,5
6690,1
6691,2
6692,2
6693,2
6694,2
6695,1
6696,2
6697,2
6698,2
6699,2
6700,3
6701,2
6702,2
6703,2
6704,2
6705,2
6706,2
6707,0
6708,3
6709,3
6710,3
6711,2
6712,8
6713,1
6714,1
6715,1
6716,1
6717,4
6718,0
6719,4
6720,3
6721,1
6722,0
6723,4
6724,0
6725,1
6726,1
6727,1
6728,4
6729,1
6730,1
6731,1
6732,3
6733,2
6734,1
6735,7
6736,1
6737,2
6738,2
6739,5
6740,2
6741,6
6742,8
6743,8
6744,8
6745,5
6746,4
6747,4
6748,3
6749,4
6750,1
6751,4
6752,2
6753,3
6754,5
6755,3
6756,2
6757,3
6758,4
6759,4
6760,6
6761,4
6762,4
6763,3
6764,3
6765,1
6766,2
6767,3
6768,4
6769,4
6770,7
6771,7
6772,5
6773,0
6774,2
6775,6
6776,4
6777,3
6778,4
6779,4
6780,5
6781,6
6782,6
6783,1
6784,7
6785,3
6786,3
6787,7
6788,4
6789,2
6790,5
6791,5
6792,1
6793,0
6794,0
6795,4
6796,0
6797,7
6798,4
6799,1
6800,3
6801,4
6802,1
6803,5
6804,3
6805,5
6806,5
6807,3
6808,1
6809,5
6810,8
6811,8
6812,8
6813,2
6814,1
6815,2
6816,2
6817,3
6818,4
6819,0
6820,1
6821,3
6822,3
6823,3
6824,1
6825,8
6826,1
6827,7
6828,3
6829,8
6830,8
6831,5
6832,4
6833,3
6834,4
6835,4
6836,8
6837,1
6838,0
6839,2
6840,1
6841,7
6842,7
6843,4
6844,7
6845,8
6846,2
6847,6
6848,1
6849,1
6850,4
6851,1
6852,1
6853,3
6854,3
6855,6
6856,4
6857,2
6858,2
6859,1
6860,4
6861,4
6862,2
6863,1
6864,2
6865,4
6866,5
6867,4
6868,1
6869,4
6870,2
6871,0
6872,3
6873,1
6874,0
6875,1
6876,0
6877,2
6878,1
6879,1
6880,0
6881,3
6882,3
6883,1
6884,4
6885,3
6886,1
6887,4
6888,2
6889,4
6890,2
6891,1
6892,2
6893,3
6894,2
6895,3
6896,0
6897,4
6898,3
6899,3
6900,1
6901,1
6902,1
6903,1
6904,2
6905,2
6906,1
6907,2
6908,2
6909,0
6910,2
6911,2
6912,1
6913,2
6914,2
6915,0
6916,0
6917,4
6918,0
6919,0
6920,4
6921,1
6922,2
6923,3
6924,3
6925,0
6926,1
6927,0
6928,4
6929,2
6930,2
6931,2
6932,3
6933,1
6934,0
6935,2
6936,1
6937,1
6938,4
6939,1
6940,0
6941,2
6942,3
6943,3
6944,3
6945,1
6946,2
6947,1
6948,1
6949,1
6950,1
6951,2
6952,2
6953,2
6954,2
6955,2
6956,1
6957,2
6958,2
6959,1
6960,3
6961,2
6962,3
6963,2
6964,4
6965,2
6966,2
6967,0
6968,0
6969,1
6970,0
6971,0
6972,1
6973,0
6974,1
6975,3
6976,4
6977,0
6978,2
6979,2
6980,0
6981,0
6982,0
6983,3
6984,2
6985,4
6986,4
6987,2
6988,4
6989,1
6990,3
6991,1
6992,2
6993,2
6994,8
6995,3
6996,3
6997,2
6998,0
6999,4
7000,0
7001,2
7002,0
7003,2
7004,1
7005,1
7006,2
7007,3
7008,4
7009,3
7010,4
7011,2
7012,3
7013,2
7014,6
7015,8
7016,3
7017,2
7018,5
7019,5
7020,4
7021,7
7022,3
7023,0
7024,0
7025,2
7026,2
7027,1
7028,2
7029,2
7030,3
7031,2
7032,1
7033,1
7034,4
7035,1
7036,2
7037,1
7038,3
7039,2
7040,4
7041,4
7042,3
7043,3
7044,3
7045,1
7046,3
7047,4
7048,1
7049,3
7050,0
7051,7
7052,1
7053,1
7054,2
7055,2
7056,3
7057,4
7058,1
7059,3
7060,4
7061,1
7062,4
7063,2
7064,3
7065,1
7066,1
7067,2
7068,2
7069,1
7070,2
7071,1
7072,3
7073,1
7074,1
7075,2
7076,1
7077,1
7078,4
7079,2
7080,1
7081,0
7082,1
7083,0
7084,2
7085,0
7086,2
7087,3
7088,4
7089,1
7090,3
7091,1
7092,1
7093,2
7094,4
7095,1
7096,3
7097,1
7098,1
7099,3
7100,5
7101,2
7102,3
7103,3
7104,0
7105,4
7106,2
7107,1
7108,1
7109,1
7110,1
7111,2
7112,4
7113,1
7114,4
7115,1
7116,4
7117,3
7118,1
7119,3
7120,3
7121,3
7122,4
7123,3
7124,5
7125,6
7126,2
7127,3
7128,1
7129,3
7130,2
7131,4
7132,8
7133,2
7134,1
7135,1
7136,3
7137,3
7138,1
7139,2
7140,4
7141,0
7142,4
7143,0
7144,0
7145,0
7146,6
7147,5
7148,0
7149,0
7150,0
7151,4
7152,0
7153,1
7154,1
7155,3
7156,5
7157,2
7158,3
7159,7
7160,2
7161,3
7162,3
7163,7
7164,3
7165,5
7166,2
7167,7
7168,2
7169,2
7170,1
7171,1
7172,1
7173,2
7174,3
7175,1
7176,4
7177,1
7178,1
7179,2
7180,1
7181,2
7182,4
7183,2
7184,2
7185,2
7186,8
7187,2
7188,5
7189,1
7190,2
7191,2
7192,2
7193,3
7194,2
7195,4
7196,3
7197,1
7198,2
7199,2
7200,6
7201,4
7202,0
7203,0
7204,0
7205,7
7206,0
7207,0
7208,0
7209,4
7210,3
7211,0
7212,4
7213,3
7214,3
7215,4
7216,2
7217,3
7218,2
7219,3
7220,2
7221,4
7222,1
7223,3
7224,4
7225,8
7226,3
7227,4
7228,4
7229,1
7230,4
7231,4
7232,8
7233,8
7234,4
7235,1
7236,1
7237,3
7238,2
7239,1
7240,1
7241,1
7242,5
7243,1
7244,1
7245,5
7246,2
7247,4
7248,2
7249,0
7250,4
7251,0
7252,0
7253,0
7254,2
7255,0
7256,4
7257,0
7258,3
7259,0
7260,2
7261,2
7262,2
7263,2
7264,2
7265,2
7266,3
7267,2
7268,3
7269,4
7270,2
7271,4
7272,2
7273,3
7274,4
7275,2
7276,1
7277,2
7278,1
7279,1
7280,3
7281,1
7282,1
7283,4
7284,2
7285,1
7286,3
7287,1
7288,3
7289,1
7290,2
7291,4
7292,0
7293,3
7294,5
7295,2
7296,5
7297,1
7298,5
7299,3
7300,2
7301,1
7302,1
7303,4
7304,2
7305,1
7306,2
7307,3
7308,3
7309,2
7310,3
7311,4
7312,1
7313,1
7314,2
7315,3
7316,2
7317,3
7318,2
7319,2
7320,4
7321,2
7322,2
7323,2
7324,4
7325,3
7326,4
7327,3
7328,2
7329,2
7330,1
7331,2
7332,2
7333,4
7334,2
7335,2
7336,2
7337,3
7338,4
7339,4
7340,2
7341,3
7342,3
7343,2
7344,4
7345,2
7346,1
7347,4
7348,2
7349,2
7350,3
7351,4
7352,4
7353,2
7354,3
7355,3
7356,3
7357,4
7358,4
7359,5
7360,3
7361,2
7362,4
7363,3
7364,2
7365,2
7366,4
7367,1
7368,3
7369,3
7370,3
7371,4
7372,2
7373,3
7374,2
7375,1
7376,2
7377,2
7378,2
7379,2
7380,2
7381,2
7382,2
7383,1
7384,2
7385,3
7386,2
7387,4
7388,2
7389,2
7390,2
7391,2
7392,4
7393,4
7394,3
7395,3
7396,2
7397,4
7398,2
7399,2
7400,2
7401,2
7402,2
7403,2
7404,2
7405,1
7406,1
7407,2
7408,2
7409,2
7410,4
7411,3
7412,2
7413,2
7414,2
7415,1
7416,1
7417,2
7418,3
7419,3
7420,2
7421,4
7422,4
7423,2
7424,1
7425,2
7426,3
7427,2
7428,2
7429,3
7430,2
7431,2
7432,2
7433,1
7434,1
7435,3
7436,2
7437,4
7438,3
7439,3
7440,2
7441,2
7442,2
7443,2
7444,3
7445,2
7446,1
7447,1
7448,2
7449,2
7450,2
7451,2
7452,2
7453,2
7454,2
7455,6
7456,3
7457,2
7458,3
7459,2
7460,1
7461,2
7462,2
7463,3
7464,2
7465,2
7466,2
7467,2
7468,4
7469,3
7470,2
7471,2
7472,4
7473,1
7474,2
7475,4
7476,2
7477,1
7478,3
7479,2
7480,2
7481,2
7482,2
7483,3
7484,2
7485,3
7486,4
7487,3
7488,2
7489,4
7490,2
7491,3
7492,4
7493,4
7494,4
7495,3
7496,2
7497,2
7498,3
7499,3
7500,6
7501,4
7502,8
7503,8
7504,3
7505,4
7506,8
7507,2
7508,5
7509,2
7510,1
7511,1
7512,2
7513,7
7514,2
7515,1
7516,3
7517,4
7518,2
7519,3
7520,4
7521,2
7522,3
7523,3
7524,3
7525,2
7526,4
7527,1
7528,1
7529,3
7530,2
7531,4
7532,2
7533,3
7534,1
7535,3
7536,2
7537,8
7538,2
7539,1
7540,3
7541,2
7542,4
7543,2
7544,2
7545,2
7546,3
7547,2
7548,2
7549,2
7550,2
7551,4
7552,2
7553,4
7554,2
7555,3
7556,2
7557,2
7558,3
7559,3
7560,3
7561,2
7562,4
7563,3
7564,2
7565,5
7566,3
7567,2
7568,1
7569,3
7570,2
7571,2
7572,1
7573,8
7574,3
7575,2
7576,2
7577,3
7578,4
7579,5
7580,6
7581,3
7582,3
7583,2
7584,3
7585,2
7586,2
7587,5
7588,7
7589,2
7590,2
7591,7
7592,3
7593,5
7594,4
7595,2
7596,3
7597,3
7598,4
7599,3
7600,3
7601,3
7602,7
7603,3
7604,2
7605,2
7606,3
7607,4
7608,3
7609,4
7610,3
7611,3
7612,3
7613,2
7614,2
7615,1
7616,2
7617,2
7618,3
7619,6
7620,1
7621,5
7622,4
7623,4
7624,7
7625,2
7626,3
7627,2
7628,5
7629,4
7630,3
7631,5
7632,8
7633,7
7634,1
7635,3
7636,5
7637,4
7638,5
7639,2
7640,5
7641,1
7642,6
7643,4
7644,3
7645,7
7646,2
7647,6
7648,1
7649,4
7650,7
7651,3
7652,2
7653,4
7654,4
7655,4
7656,1
7657,2
7658,8
7659,3
7660,4
7661,6
7662,8
7663,3
7664,4
7665,2
7666,7
7667,8
7668,2
7669,3
7670,6
7671,5
7672,3
7673,3
7674,5
7675,7
7676,4
7677,3
7678,5
7679,1
7680,4
7681,4
7682,4
7683,4
7684,3
7685,2
7686,3
7687,2
7688,4
7689,3
7690,4
7691,4
7692,1
7693,8
7694,1
7695,4
7696,8
7697,3
7698,3
7699,3
7700,2
7701,4
7702,3
7703,3
7704,5
7705,3
7706,3
7707,4
7708,2
7709,3
7710,1
7711,4
7712,3
7713,3
7714,2
7715,2
7716,2
7717,2
7718,3
7719,3
7720,3
7721,1
7722,3
7723,1
7724,6
7725,0
7726,4
7727,1
7728,3
7729,2
7730,4
7731,2
7732,1
7733,1
7734,1
7735,3
7736,2
7737,4
7738,4
7739,3
7740,2
7741,2
7742,3
7743,2
7744,2
7745,3
7746,2
7747,2
7748,2
7749,2
7750,2
7751,4
7752,2
7753,2
7754,2
7755,2
7756,3
7757,3
7758,3
7759,1
7760,1
7761,3
7762,2
7763,2
7764,3
7765,2
7766,7
7767,8
7768,8
7769,5
7770,2
7771,3
7772,3
7773,3
7774,8
7775,1
7776,4
7777,3
7778,1
7779,3
7780,3
7781,3
7782,2
7783,4
7784,2
7785,4
7786,3
7787,3
7788,1
7789,3
7790,7
7791,3
7792,4
7793,1
7794,2
7795,2
7796,1
7797,1
7798,2
7799,2
7800,2
7801,2
7802,3
7803,3
7804,3
7805,3
7806,2
7807,1
7808,1
7809,4
7810,1
7811,3
7812,1
7813,1
7814,1
7815,1
7816,2
7817,1
7818,2
7819,2
7820,5
7821,4
7822,5
7823,1
7824,4
7825,4
7826,4
7827,2
7828,2
7829,2
7830,3
7831,2
7832,2
7833,3
7834,2
7835,2
7836,2
7837,2
7838,1
7839,1
7840,2
7841,2
7842,3
7843,2
7844,3
7845,3
7846,1
7847,1
7848,1
7849,1
7850,3
7851,2
7852,8
7853,4
7854,4
7855,1
7856,3
7857,6
7858,3
7859,8
7860,8
7861,3
7862,2
7863,2
7864,3
7865,3
7866,2
7867,2
7868,4
7869,4
7870,3
7871,2
7872,2
7873,1
7874,2
7875,3
7876,2
7877,1
7878,3
7879,1
7880,1
7881,2
7882,2
7883,4
7884,1
7885,4
7886,1
7887,4
7888,1
7889,1
7890,3
7891,3
7892,1
7893,3
7894,2
7895,3
7896,4
7897,3
7898,3
7899,3
7900,2
7901,2
7902,2
7903,1
7904,3
7905,2
7906,2
7907,3
7908,4
7909,2
7910,2
7911,2
7912,2
7913,4
7914,1
7915,3
7916,1
7917,2
7918,2
7919,3
7920,2
7921,1
7922,2
7923,4
7924,6
7925,8
7926,2
7927,7
7928,1
7929,1
7930,2
7931,2
7932,2
7933,4
7934,3
7935,1
7936,2
7937,0
7938,2
7939,6
7940,1
7941,2
7942,3
7943,1
7944,1
7945,5
7946,3
7947,8
7948,8
7949,1
7950,6
7951,6
7952,8
7953,8
7954,7
7955,3
7956,4
7957,8
7958,8
7959,8
7960,4
7961,1
7962,7
7963,5
7964,2
7965,5
7966,2
7967,1
7968,3
7969,2
7970,2
7971,5
7972,1
7973,1
7974,8
7975,7
7976,1
7977,0
7978,1
7979,5
7980,4
7981,3
7982,3
7983,1
7984,7
7985,0
7986,4
7987,0
7988,1
7989,6
7990,8
7991,4
7992,7
7993,8
7994,3
7995,3
7996,5
7997,2
7998,2
7999,2
8000,8
8001,7
8002,7
8003,2
8004,1
8005,2
8006,4
8007,2
8008,1
8009,0
8010,4
8011,1
8012,8
8013,5
8014,3
8015,3
8016,4
8017,1
8018,3
8019,3
8020,5
8021,3
8022,6
8023,1
8024,1
8025,6
8026,1
8027,1
8028,0
8029,2
8030,4
8031,5
8032,4
8033,1
8034,4
8035,1
8036,3
8037,2
8038,5
8039,1
8040,2
8041,1
8042,4
8043,5
8044,1
8045,3
8046,5
8047,1
8048,1
8049,2
8050,2
8051,2
8052,4
8053,2
8054,8
8055,1
8056,6
8057,1
8058,4
8059,2
8060,0
8061,1
8062,1
8063,3
8064,2
8065,1
8066,1
8067,4
8068,4
8069,1
8070,1
8071,1
8072,2
8073,4
8074,1
8075,6
8076,6
8077,3
8078,1
8079,1
8080,2
8081,4
8082,2
8083,2
8084,3
8085,1
8086,3
8087,7
8088,4
8089,3
8090,1
8091,4
8092,5
8093,3
8094,3
8095,4
8096,4
8097,2
8098,7
8099,8
8100,4
8101,2
8102,2
8103,4
8104,3
8105,4
8106,7
8107,3
8108,1
8109,1
8110,1
8111,2
8112,2
8113,2
8114,3
8115,2
8116,4
8117,2
8118,2
8119,2
8120,2
8121,2
8122,2
8123,2
8124,2
8125,2
8126,2
8127,1
8128,1
8129,2
8130,3
8131,3
8132,4
8133,2
8134,2
8135,2
8136,1
8137,1
8138,1
8139,1
8140,1
8141,2
8142,2
8143,3
8144,1
8145,2
8146,4
8147,3
8148,2
8149,3
8150,3
8151,2
8152,2
8153,1
8154,2
8155,3
8156,2
8157,2
8158,2
8159,2
8160,2
8161,2
8162,2
8163,2
8164,2
8165,2
8166,2
8167,2
8168,1
8169,2
8170,2
8171,3
8172,2
8173,3
8174,2
8175,1
8176,2
8177,2
8178,2
8179,2
8180,2
8181,4
8182,2
8183,2
8184,2
8185,2
8186,4
8187,3
8188,2
8189,2
8190,2
8191,2
8192,2
8193,2
8194,2
8195,2
8196,2
8197,2
8198,2
8199,2
8200,2
8201,2
8202,2
8203,2
8204,2
8205,2
8206,2
8207,3
8208,2
8209,2
8210,2
8211,2
8212,2
8213,2
8214,2
8215,2
8216,2
8217,2
8218,2
8219,2
8220,2
8221,2
8222,2
8223,2
8224,2
8225,2
8226,2
8227,2
8228,2
8229,2
8230,2
8231,2
8232,3
8233,3
8234,3
8235,2
8236,2
8237,3
8238,2
8239,3
8240,2
8241,3
8242,2
8243,2
8244,2
8245,2
8246,5
8247,2
8248,4
8249,6
8250,4
8251,2
8252,3
8253,5
8254,1
8255,4
8256,2
8257,3
8258,2
8259,2
8260,3
8261,3
8262,4
8263,2
8264,2
8265,1
8266,2
8267,2
8268,5
8269,4
8270,2
8271,2
8272,3
8273,2
8274,4
8275,4
8276,4
8277,3
8278,3
8279,2
8280,2
8281,2
8282,1
8283,2
8284,4
8285,1
8286,2
8287,1
8288,2
8289,4
8290,2
8291,3
8292,2
8293,3
8294,3
8295,1
8296,1
8297,2
8298,4
8299,7
8300,1
8301,2
8302,5
8303,6
8304,4
8305,2
8306,2
8307,1
8308,2
8309,4
8310,4
8311,4
8312,2
8313,2
8314,4
8315,3
8316,2
8317,4
8318,4
8319,2
8320,4
8321,4
8322,4
8323,4
8324,2
8325,2
8326,4
8327,2
8328,2
8329,4
8330,7
8331,2
8332,1
8333,4
8334,2
8335,4
8336,4
8337,2
8338,3
8339,2
8340,2
8341,2
8342,2
8343,3
8344,4
8345,4
8346,3
8347,2
8348,2
8349,2
8350,3
8351,4
8352,4
8353,2
8354,4
8355,2
8356,4
8357,5
8358,3
8359,2
8360,2
8361,1
8362,7
8363,7
8364,2
8365,7
8366,5
8367,2
8368,2
8369,2
8370,5
8371,6
8372,5
8373,4
8374,4
8375,3
8376,4
8377,3
8378,4
8379,8
8380,2
8381,2
8382,3
8383,4
8384,4
8385,2
8386,2
8387,2
8388,2
8389,2
8390,2
8391,4
8392,2
8393,3
8394,4
8395,2
8396,3
8397,3
8398,3
8399,2
8400,3
8401,2
8402,2
8403,2
8404,2
8405,2
8406,5
8407,4
8408,5
8409,3
8410,3
8411,3
8412,2
8413,2
8414,4
8415,4
8416,3
8417,7
8418,3
8419,3
8420,5
8421,3
8422,4
8423,4
8424,4
8425,2
8426,2
8427,2
8428,4
8429,6
8430,5
8431,4
8432,4
8433,2
8434,2
8435,5
8436,5
8437,4
8438,3
8439,4
8440,5
8441,3
8442,6
8443,3
8444,6
8445,2
