"p","bern","bb","ln","km"
0.002,0.21162600427728,0.00597794652103303,1.16253376053259e-07,0.0433439280134165
0.00533110367892977,0.194657756544519,0.0255356624849274,5.67710651457996e-05,0.104708114257205
0.00866220735785953,0.179001948402573,0.052024490677754,0.000719601914929074,0.16200041151989
0.0119933110367893,0.164566356919934,0.0834263643435589,0.00325386358535096,0.216992061175759
0.0153244147157191,0.15127116113205,0.118640560196797,0.00915629332298414,0.27035352022257
0.0186555183946488,0.139050690273184,0.156928799077709,0.0197191576168981,0.322433396374358
0.0219866220735786,0.127855136742936,0.197744568215099,0.0358529549883414,0.373441164539874
0.0253177257525084,0.117652115264265,0.240658938272998,0.0580707427315538,0.423513658244265
0.0286488294314381,0.108427976538851,0.285322016124715,0.0865427367275598,0.472745143699529
0.0319799331103679,0.100188807690537,0.331440510150799,0.12117131565405,0.52120290158103
0.0353110367892977,0.0929610730024973,0.378763593662898,0.161663847548231,0.568936098977334
0.0386421404682274,0.0867918670157139,0.427073454584448,0.207594878369439,0.615981206368342
0.0419732441471572,0.0817487681004471,0.476178681232721,0.258455791883438,0.662365488649407
0.045304347826087,0.0779192942870698,0.525909459861961,0.313692803375235,0.70810935410482
0.0486354515050167,0.0754099746055864,0.576113981090902,0.372735094019463,0.753227991723387
0.0519665551839465,0.074345058597935,0.626655682395427,0.435015031207319,0.797732546593032
0.0552976588628763,0.0748648942001817,0.677411086481358,0.499982234464613,0.841630985055599
0.058628762541806,0.0771240100096911,0.728268075372796,0.567112959569488,0.884928745353265
0.0619598662207358,0.0812889422202545,0.779124490218769,0.63591598229295,0.927629236198454
0.0652909698996656,0.087535849387339,0.829886979324844,0.705935905533876,0.969734225151463
0.0686220735785953,0.0960479598324602,0.880470038585913,0.77675459995405,1.01124414560801
0.0719531772575251,0.107012897060319,0.930795203308887,0.847991317297857,1.05215834263873
0.0752842809364549,0.12061992818784,0.980790360765661,0.919301881815485,1.09247527218418
0.0786153846153846,0.13705717920583,1.03038916019487,0.990377261995288,1.13219266417827
0.0819464882943144,0.15650885903852,1.07953050232315,1.06094174594224,1.17130765742853
0.0852775919732442,0.179152531952084,1.12815809442178,1.1307508838988,1.20981691213107
0.0886086956521739,0.205156474999612,1.17622005986452,1.19958931625504,1.24771670449104
0.0919397993311037,0.234677153977563,1.22366859338766,1.26726857149505,1.28500300688804
0.0952709030100335,0.267856847898941,1.27045965496743,1.33362489319427,1.32167155626179
0.0986020066889632,0.304821448344252,1.31655269655864,1.39851713634633,1.35771791281894
0.101933110367893,0.345678456307014,1.3619104169797,1.46182475937555,1.39313751072628
0.105264214046823,0.390515195372326,1.40649854105202,1.52344592797275,1.42792570212086
0.108595317725753,0.43939725631291,1.45028561975828,1.58329573946068,1.46207779550918
0.111926421404682,0.49236718450777,1.49324284871222,1.64130457105518,1.49558908942491
0.115257525083612,0.549443418027536,1.53534390265997,1.69741655161201,1.52845490205564
0.118588628762542,0.610619480824532,1.57656478408219,1.7515881538394,1.56067059742248
0.121919732441472,0.675863432244933,1.61688368425287,1.80378690221072,1.59223160859558
0.125250836120401,0.745117571069695,1.65628085534771,1.85399019070504,1.62313345834696
0.128581939799331,0.818298389509403,1.69473849239175,1.90218420386241,1.65337177757648
0.131913043478261,0.895296770039999,1.73224062400082,1.94836293433854,1.68294232179281
0.135244147157191,0.975978415681236,1.76877301100978,1.99252729008308,1.71184098588765
0.13857525083612,1.06018450229328,1.80432305219719,2.03468428437357,1.74006381740485
0.14190635451505,1.14773253970105,1.8388796964154,2.07484630216164,1.76760702847642
0.14523745819398,1.23841742694951,1.87243336051947,2.11303043648681,1.79446700657217
0.14856856187291,1.33201268574182,1.90497585256063,2.14925788905853,1.82064032418931
0.151899665551839,1.42827185510953,1.93650029977225,2.18355342947722,1.84612374759038
0.155230769230769,1.52693002960109,1.96700108092964,2.21594490794313,1.87091424468346
0.158561872909699,1.62770552274116,1.99647376271164,2.24646281667924,1.89500899212622
0.161892976588629,1.73030163719614,2.02491503973213,2.27513989566125,1.9184053817244
0.165224080267559,1.83440852296877,2.05232267794466,2.30201077860002,1.94110102618683
0.168555183946488,1.9397051050203,2.07869546115429,2.32711167545665,1.96309376429103
0.171886287625418,2.04586106197032,2.10403314039736,2.3504800880849,1.98438166550693
0.175217391304348,2.15253883793363,2.12833638597396,2.37215455588931,2.00496303412074
0.178548494983278,2.25939567010697,2.15160674193833,2.39217442866109,2.02483641289591
0.181879598662207,2.36608561539933,2.17384658287125,2.41057966400575,2.04400058630396
0.185210702341137,2.47226156019192,2.19505907277472,2.42741064700967,2.06245458335437
0.188541806020067,2.57757719820282,2.21524812594356,2.4427080300063,2.08019768004946
0.191872909698997,2.68168896240196,2.23441836968203,2.45651259049881,2.09722940148753
0.195204013377926,2.78425789795817,2.25257510874447,2.46886510547502,2.11354952363484
0.198535117056856,2.88495146428994,2.26972429139009,2.47980624051413,2.1291580747854
0.201866220735786,2.98344525541948,2.28587247695046,2.4893764522338,2.14405533672501
0.205197324414716,3.07942462898447,2.3010268048175,2.49761590276196,2.15824184561513
0.208528428093645,3.17258623543098,2.31519496476647,2.50456438504123,2.17171839261006
0.211859531772575,3.262639440083,2.32838516853583,2.51026125788601,2.18448602422002
0.215190635451505,3.34930763194955,2.34060612259163,2.51474538981427,2.19654604243161
0.218521739130435,3.4323294142786,2.35186700200978,2.51805511076874,2.20790000459595
0.221852842809365,3.51145967299056,2.36217742541453,2.52022817092589,2.21854972309416
0.225183946488294,3.58647052021462,2.37154743091614,2.52130170586753,2.22849726478883
0.228515050167224,3.65715211120212,2.37998745299465,2.52131220745872,2.23774495026984
0.231846153846154,3.723313333896,2.38750830028087,2.5202954998383,2.24629535290171
0.235177257525084,3.78478237138963,2.39412113418862,2.51828671998511,2.25415129767973
0.238508361204013,3.8414071384071,2.39983744835597,2.51532030237436,2.26131585990129
0.241839464882943,3.893055593777,2.40466904885573,2.51142996728514,2.26779236365841
0.245170568561873,3.93961593164978,2.40862803513817,2.50664871236223,2.27358438015724
0.248501672240803,3.980996654923,2.41172678167162,2.50100880707376,2.27869572587002
0.251832775919732,4.01712653498786,2.4139779202485,2.49454178974059,2.28313046052434
0.255163879598662,4.04795446249263,2.41539432292665,2.48727846684499,2.28689288493468
0.258494983277592,4.07344919433503,2.41598908557762,2.47924891435421,2.28998753868084
0.261826086956522,4.09359900254532,2.41577551201524,2.47048248082083,2.29241919763748
0.265157190635452,4.10841123110621,2.41476709867976,2.46100779204431,2.29419287135916
0.268488294314381,4.11791176707606,2.41297751985381,2.45085275710016,2.29531380032469
0.271819397993311,4.12214443263914,2.41042061338833,2.44004457556149,2.29578745304487
0.275150501672241,4.12117030490397,2.40711036691759,2.42860974575555,2.2956195230373
0.278481605351171,4.11506697040921,2.40306090454373,2.41657407391336,2.2948159256718
0.2818127090301,4.10392772137961,2.3982864739723,2.40396268408469,2.29338279489024
0.28514381270903,4.08786070080487,2.39280143408145,2.3908000287037,2.2913264798039
0.28847491638796,4.06698800339422,2.38662024290806,2.37710989970208,2.28865354117205
0.29180602006689,4.0414447393938,2.37975744603551,2.36291544007713,2.28537074776491
0.295137123745819,4.01137806814375,2.37222766536799,2.34823915583171,2.28148507261417
0.298468227424749,3.97694620810316,2.36404558827761,2.33310292821192,2.27700368915449
0.301799331103679,3.93831742988473,2.35522595711092,2.31752802617578,2.27193396725897
0.305130434782609,3.89566903862277,2.3457835590422,2.30153511903364,2.26628346917171
0.308461538461538,3.8491863517497,2.33573321626174,2.28514428920742,2.26005994534071
0.311792642140468,3.79906167798289,2.32508977648749,2.26837504506126,2.25327133015402
0.315123745819398,3.7454933030268,2.31386810378958,2.25124633376203,2.24592573758221
0.318454849498328,3.68868448718055,2.30208306971712,2.23377655413225,2.23803145673026
0.321785953177258,3.62884247970937,2.2897495447177,2.21598356946276,2.22959694730185
0.325117056856187,3.56617755449521,2.27688238984014,2.19788472025615,2.220630834979
0.328448160535117,3.500902071128,2.26349644871171,2.17949683687538,2.21114190672015
0.331779264214047,3.43322956523956,2.24960653978114,2.16083625207559,2.20113910597958
0.335110367892977,3.36337387151824,2.23522744881954,2.14191881339939,2.19063152785126
0.338441471571906,3.29154828247758,2.22037392167125,2.12275989541896,2.17962841413997
0.341772575250836,3.21796474568844,2.20506065724747,2.10337441181053,2.16813914836289
0.345103678929766,3.14283310182437,2.18930230075527,2.08377682724861,2.15617325068442
0.348434782608696,3.06636036551504,2.17311343715556,2.0639811691097,2.14374037278741
0.351765886287625,2.98875005065632,2.15650858484322,2.0440010389765,2.13085029268373
0.355096989966555,2.91020154148786,2.13950218954333,2.02384962393536,2.11751290946714
0.358428093645485,2.83090951042297,2.12210861841748,2.00353970766115,2.1037382380116
0.361759197324415,2.75106338330143,2.10434215437451,1.98308368128468,2.08953640361788
0.365090301003344,2.67084685243589,2.08621699058002,1.96249355403921,2.0749176366117
0.368421404682274,2.59043743753681,2.06774722515961,1.94178096368335,2.05989226689623
0.371752508361204,2.51000609433129,2.04894685609054,1.9209571866987,2.04447071846217
0.375083612040134,2.42971687043762,2.02982977627716,1.90003314826114,2.02866350385838
0.378414715719064,2.34972660782125,2.01040976880521,1.87901943198564,2.01248121862612
0.381745819397993,2.27018469093861,1.99070050237065,1.8579262894448,1.99593453570009
0.385076923076923,2.19123283947467,1.97071552687865,1.83676364946217,1.97903419977916
0.388408026755853,2.11300494439652,1.95046826920837,1.81554112718154,1.9617910216701
0.391739130434783,2.03562694588039,1.92997202913986,1.79426803291414,1.94421587260726
0.395070234113712,1.95921675152221,1.90923997543879,1.7729533807658,1.92631967855138
0.398401337792642,1.88388419311247,1.88828514209559,1.75160589704664,1.90811341447068
0.401732441471572,1.80973102014414,1.86712042471515,1.73023402846594,1.88960809860724
0.405063545150502,1.73685092812739,1.84575857705374,1.70884595011525,1.87081478673192
0.408394648829431,1.6653296197068,1.8242122076997,1.68744957324298,1.85174456639102
0.411725752508361,1.59524489651455,1.80249377689465,1.66605255282366,1.83240855114755
0.415056856187291,1.52666677964623,1.78061559349208,1.64466229492562,1.81281787482061
0.418387959866221,1.45965765661439,1.75858981205024,1.62328596388047,1.79298368572582
0.42171906354515,1.39427245261701,1.73642843005644,1.60193048925827,1.77291714092001
0.42505016722408,1.33055882395368,1.71414328527982,1.58060257265216,1.75262940045334
0.42838127090301,1.26855737143072,1.69174605324992,1.55930869427621,1.73213162163207
0.43171237458194,1.2083018716161,1.66924824485826,1.53805511938045,1.71143495329505
0.43504347826087,1.14981952383623,1.64666120408041,1.516847904487,1.69055053010712
0.438374581939799,1.09313121084715,1.62399610581605,1.49569290345112,1.66948946687275
0.441705685618729,1.03825177116306,1.60126395384447,1.47459577335128,1.64826285287274
0.445036789297659,0.985190281083489,1.57847557889324,1.45356198021193,1.62688174622753
0.448367892976589,0.933950344525894,1.55564163681769,1.43259680456304,1.60535716829001
0.451698996655518,0.884530388843453,1.53277260688905,1.41170534684023,1.5837000980711
0.455030100334448,0.836923964885485,1.5098787901889,1.39089253262915,1.56192146670117
0.458361204013378,0.791120049641433,1.48697030810802,1.3701631177582,1.54003215193055
0.461692307692308,0.747103349896391,1.46405710094749,1.349521693243,1.51804297267218
0.465023411371237,0.704854605416869,1.44114892661999,1.32897269008647,1.49596468358947
0.468354515050167,0.664350890278737,1.41825535944949,1.30852038393812,1.47380796973266
0.471685618729097,0.625565911044403,1.39538578906734,1.28816889961607,1.45158344122655
0.475016722408027,0.588470300592658,1.37254941940289,1.2679222154953,1.42930162801289
0.478347826086957,0.553031906501623,1.34975526776701,1.24778416776566,1.40697297465032
0.481678929765886,0.519216072982087,1.32701216402657,1.2277584545628,1.38460783517506
0.485010033444816,0.486985915454961,1.30432874986824,1.20784863997555,1.36221646802527
0.488341137123746,0.456302586961722,1.28171347815007,1.18805815793281,1.33980903103219
0.491672240802676,0.427125535690408,1.259174612339,1.16839031597318,1.31739557648098
0.495003344481605,0.399412752991307,1.2367202260329,1.14884829890042,1.29498604624423
0.498334448160535,0.373121011345591,1.21435820256559,1.12943517232763,1.27259026699117
0.501665551839465,0.348206091836538,1.19209623469315,1.11015388611332,1.25021794547545
0.504996655518395,0.324623000756145,1.16994182436027,1.09100727769193,1.2278786639043
0.508327759197324,0.302326175059799,1.14790228254511,1.07199807530194,1.20558187539214
0.511658862876254,0.281269676457741,1.12598472918118,1.05312890111389,1.18333689950132
0.514989966555184,0.261407374004456,1.104196093155,1.0344022742614,1.16115291787276
0.518321070234114,0.242693115115335,1.08254311237814,1.01582061377732,1.13903896994951
0.521652173913044,0.225080885004114,1.06103233393224,0.997386241437891,1.11700394879566
0.524983277591973,0.20852495459448,1.0396701142859,0.979101384517125,1.09505659701353
0.528314381270903,0.192980017014803,1.01846261958197,0.960968178453836,1.07320550276169
0.531645484949833,0.178401312836173,0.997415825994176,0.942988669433641,1.05145909587653
0.534976588628763,0.164744744260825,0.976535520151735,0.925164816888144,1.02982564409984
0.538307692307692,0.151966978510534,0.955827299630888,0.907498495913458,1.0083132494151
0.541638795986622,0.140025540702863,0.935296573512083,0.889991499610179,0.986929844494788
0.544969899665552,0.128878896537183,0.914948563001731,0.872645541346853,0.965683189261435
0.548301003344482,0.118486525142305,0.894788302117369,0.855462256948887,0.944580867564494
0.551632107023411,0.108808982463472,0.874820638435167,0.838443206814836,0.923630283975669
0.554963210702341,0.0998079555885162,0.855050233898667,0.821589877961907,0.902838660704851
0.558294314381271,0.0914463084312088,0.835481565687706,0.804903686002477,0.882213034638978
0.561625418060201,0.0836881192046003,0.816118927146469,0.788385977053349,0.861760254505974
0.56495652173913,0.076498710128352,0.796966428769653,0.772038029579425,0.841486978165956
0.56828762541806,0.0698446698221291,0.77802799924573,0.75586105617342,0.821399670031751
0.57161872909699,0.0636938688420801,0.759307386556313,0.739856205273178,0.801504598620762
0.57494983277592,0.0580154688195199,0.740808159130647,0.724024562818094,0.781807834240158
0.578280936454849,0.0527799256603588,0.722533707054271,0.708367153846113,0.762315246807251
0.581612040133779,0.0479589872607657,0.704487243330888,0.692884944032697,0.743032503806922
0.584943143812709,0.0435256861892139,0.686671805196534,0.677578841173131,0.723965068387846
0.588274247491639,0.0394543277776462,0.669090255485092,0.662449696609455,0.705118197599201
0.591605351170569,0.0357204740552079,0.651745284044278,0.647498306603303,0.686496940769506
0.594936454849498,0.0323009239470074,0.634639409201185,0.632725413655836,0.668106138029109
0.598267558528428,0.0291736901479069,0.617774979276509,0.618131707775948,0.649950418977824
0.601598662207358,0.0263179730675602,0.601154174146582,0.603717827697857,0.632034201499092
0.604929765886288,0.0237141322280259,0.584779006852366,0.58948436204916,0.614361690722004
0.608260869565217,0.0213436554794396,0.568651325254533,0.575431850470371,0.596936878132395
0.611591973244147,0.0191891263826146,0.55277281373383,0.561560784686949,0.57976354083419
0.614923076923077,0.0172341900902048,0.537144994935861,0.547871609534742,0.562845240962048
0.618254180602007,0.0154635180403743,0.521769231559494,0.534364723939771,0.546185325246299
0.621585284280937,0.0138627717589106,0.506646728188076,0.521040481853204,0.529786924731056
0.624916387959866,0.0124185660475263,0.491778533162644,0.507899193142368,0.513652954646305
0.628247491638796,0.0111184318178574,0.477165540496353,0.494941124438561,0.497786114434686
0.631578595317726,0.00995077881248653,0.462808491829326,0.482166499942442,0.482188887933569
0.634909698996656,0.00890485843631395,0.448707978423153,0.46957550218771,0.466863543712944
0.638240802675585,0.00797072690386317,0.434864443194255,0.457168272763731,0.451812135569546
0.641571906354515,0.00713920889072778,0.421278182785375,0.444944912997798,0.437036503177522
0.644903010033445,0.00640186186042246,0.407949349674404,0.432905484597605,0.422538272895856
0.648234113712375,0.00575094122146109,0.394877954319812,0.421050010254525,0.408318858732659
0.651565217391304,0.00517936645360771,0.382063867341933,0.409378474208246,0.394379463466326
0.654896321070234,0.00468068832698222,0.369506821739358,0.397890822773284,0.380721079923443
0.658227424749164,0.00424905732309178,0.357206415139699,0.386586964827842,0.367344492413232
0.661558528428094,0.00387919335293433,0.345162112083996,0.375466772265496,0.354250278318195
0.664889632107023,0.00356635685410363,0.333373246344035,0.364530080410124,0.341438809840505
0.668220735785953,0.00330632133633236,0.321839023271852,0.353776688394483,0.328910255903583
0.671551839464883,0.00309534743314784,0.310558522180711,0.34320635950281,0.316664584208174
0.674882943143813,0.00293015850628247,0.299530698756821,0.332818821477804,0.3047015634421
0.678214046822742,0.00280791783917126,0.288754387501094,0.3226137667923,0.293020765642787
0.681545150501672,0.00272620744626655,0.278228304200221,0.312590852885952,0.281621568711476
0.684876254180602,0.00268300851598366,0.267951048426364,0.302749702367209,0.270503159077958
0.688207357859532,0.00267668349683411,0.257921106064744,0.29308990318082,0.259664534514503
0.691538461538462,0.00270595982867044,0.248136851868431,0.283611008741141,0.249104507097547
0.694869565217391,0.00276991531392127,0.23859655203962,0.27431253803144,0.238821706315549
0.698200668896321,0.00286796511719057,0.229298366836691,0.265193975669429,0.228814582321304
0.701531772575251,0.00299985037558425,0.220240353206349,0.256254771939187,0.21908140932687
0.704862876254181,0.00316562839655458,0.211420467440146,0.247494342789686,0.209620289139085
0.70819397993311,0.00336566441486005,0.202836567854658,0.238912069800056,0.200429154833582
0.71152508361204,0.00360062487536393,0.194486417494639,0.230507300111766,0.191505774564983
0.71485618729097,0.00387147220376983,0.186367686858426,0.222279346327868,0.18284775551087
0.7181872909699,0.00417946102294844,0.178477956644894,0.214227486379448,0.174452547946953
0.721518394648829,0.00452613576816943,0.17081472052125,0.20635096335943,0.166317449450717
0.724849498327759,0.00491332965024009,0.163375387910953,0.19864898532389,0.158439609230668
0.728180602006689,0.00534316491118291,0.156157286801042,0.191120725061013,0.150816032578158
0.731511705685619,0.00581805431257438,0.149157666568164,0.183765319827869,0.143443585438598
0.734842809364548,0.00634070379192479,0.142373700822565,0.176581871055174,0.136318999098732
0.738173913043478,0.00691411621741166,0.135802490269335,0.169569444020228,0.129438874986454
0.741505016722408,0.00754159616578874,0.12944106558616,0.162727067488231,0.122799689579537
0.744836120401338,0.00822675564227611,0.123286390316862,0.156053733322227,0.116397799419415
0.748167224080268,0.00897352065458897,0.117335363779975,0.149548396061934,0.110229446226069
0.751498327759197,0.00978613854587124,0.111584823991617,0.143209972471777,0.104290762109836
0.754829431438127,0.0106691859830473,0.1060315506019,0.137037341058466,0.0985777748758342
0.758160535117057,0.0116275774878725,0.100672267844125,0.131029341558543,0.0930864134165133
0.761491638795987,0.0126665743876163,0.0955036474959919,0.125184774396354,0.0878125131876636
0.764822742474916,0.0137917940507261,0.0905223118520393,0.119502400112991,0.0827518217630555
0.768153846153846,0.0150092192598391,0.0857248367065486,0.113980938766837,0.0779000044627004
0.771484949832776,0.0163252075600032,0.0811077543460993,0.108619069306414,0.0732526500495457
0.774816053511706,0.0177465004037592,0.0766675565509847,0.103415428916382,0.0688052764892495
0.778147157190635,0.019280231896676,0.0724006976046641,0.0983686123376157,0.0645533367674909
0.781478260869565,0.0209339369268302,0.06830359731043,0.0934771711624481,0.0604922247590987
0.784809364548495,0.0227155584394027,0.0643726440144463,0.0887396131063234,0.0566172811431006
0.788140468227425,0.0246334535928205,0.0606041976343093,0.0841544012572612,0.0529237993576069
0.791471571906355,0.0266963985055108,0.0569945926922568,0.0797199533047383,0.0494070315882674
0.794802675585284,0.0289135912721013,0.0535401413521505,0.0754346407498138,0.0460621947838493
0.798133779264214,0.0312946528945957,0.0502371364593261,0.0712967880985596,0.0428844766923029
0.801464882943144,0.0338496257373918,0.047081854582397,0.0673046720411366,0.0398690419104917
0.804795986622074,0.0365889690747376,0.0440705590560763,0.0634565206191583,0.0370110379405835
0.808127090301003,0.03952355125505,0.0411995030240601,0.0597505123843248,0.0343056012459018
0.811458193979933,0.0426646379581401,0.0384649324809956,0.0561847755516825,0.0317478632988585
0.814789297658863,0.0460238759684663,0.0358630893125361,0.0527573871512952,0.0293329566133941
0.818120401337793,0.0496132718297443,0.0333902143324569,0.0494663721825671,0.0270560207541648
0.821451505016722,0.053445164683174,0.0310425503157838,0.0463097027759896,0.0249122083145283
0.824782608695652,0.0575321925228337,0.0288163450268557,0.043285297367653,0.0228966908551896
0.828113712374582,0.0618872510269938,0.0267078542412153,0.0403910198925094,0.0210046647951783
0.831444816053512,0.0665234440427743,0.0247133447601888,0.0376246790030781,0.019231357246645
0.834775919732441,0.0714540247132202,0.02282909741698,0.0349840273210817,0.0175720317847715
0.838107023411371,0.0766923261399901,0.0210514100730738,0.0324667607303618,0.0160219941439045
0.841438127090301,0.0822516803708886,0.0193766006036965,0.030070517720399,0.014576597830839
0.844769230769231,0.0881453243888349,0.0178010098710465,0.0277928787908227,0.0132312496459863
0.848100334448161,0.0943862916569249,0.0163210046839575,0.0256313659284818,0.0119814151029854
0.85143143812709,0.100987287642351,0.014932980742614,0.0235834421699483,0.0108226237371288
0.85476254180602,0.107960547599356,0.0136333655668809,0.0216465112637657,0.0097504742927981
0.85809364548495,0.115317674737414,0.0124186214067572,0.0198179174483397,0.00876063977992533
0.86142474916388,0.123069456734545,0.0112852481334011,0.0180949453631135,0.00784887238932184
0.864755852842809,0.131225658376376,0.0102297861091084,0.0164748201125887,0.00701100825654589
0.868086956521739,0.139794787908148,0.0092488190345552,0.0149547075048604,0.00624297206381141
0.871418060200669,0.148783834478578,0.00833897677153871,0.0135317144886412,0.0055407814692775
0.874749163879599,0.158197973830103,0.00749693813936648,0.0122028898152692,0.0049005513528982
0.878080267558528,0.168040239148558,0.00671943368295199,0.010965224954949,0.00431849786785957
0.881411371237458,0.178311153725612,0.00600324841057606,0.00981565529945841,0.0037909422864819
0.884742474916388,0.189008321807986,0.00534522449916385,0.00875106168679232,0.00331431462932424
0.888073578595318,0.200125973707402,0.00474226396480791,0.00776827228670139,0.00288515706609443
0.891404682274248,0.211654460922824,0.00419133129613644,0.00686406488982069,0.00250012707684188
0.894735785953177,0.223579696680545,0.00368945604798106,0.00603516964706064,0.00215600036179465
0.898066889632107,0.235882536926285,0.00323373539263913,0.00527827231012799,0.00184967348809634
0.901397993311037,0.248538096405183,0.00282133662584765,0.00459001802841751,0.00157816626160421
0.904729096989967,0.261514994038553,0.00244949962438977,0.00396701576200745,0.00133862381182999
0.908060200668896,0.274774521348623,0.00211553925203472,0.00340584337500816,0.00112831837803827
0.911391304347826,0.288269727192309,0.00181684771026653,0.00290305347792466,0.000944650784469353
0.914722408026756,0.30194441154019,0.0015508968299803,0.00245518009180933,0.000785151592623214
0.918053511705686,0.315732020475051,0.0013152403000134,0.00205874621054357,0.000647481918533429
0.921384615384615,0.329554433983346,0.00110751582802533,0.00171027234023766,0.000529433902976331
0.924715719063545,0.343320637470138,0.000925447228837423,0.00140628609599396,0.000428930822605297
0.928046822742475,0.356925267240882,0.000766846434882786,0.00114333293548665,0.000344026830076818
0.931377926421405,0.370247019459114,0.000629615422886086,0.000917988105098515,0.000272906311348807
0.934709030100334,0.383146911304618,0.000511748050277635,0.000726869866559639,0.000213882848488044
0.938040133779264,0.395466382218989,0.000411331794129159,0.000566654058615625,0.000165397776530066
0.941371237458194,0.407025222231287,0.000326549384555515,0.000434090027187585,0.000126018323199154
0.944702341137124,0.417619313402335,0.000255680323528184,0.000326017926121539,9.44353206291806e-05
0.948033444816054,0.427018169408315,0.000197102278853007,0.000239387345516177,6.94604786405642e-05
0.951364548494983,0.434962257198987,0.000149292341624128,0.000171277161336258,5.0023209640629e-05
0.954695652173913,0.441160083508867,0.000110828133708133,0.000118916412947389,3.51669958449525e-05
0.958026755852843,0.445285027766734,8.03887496403597e-05,7.97058973727384e-05,2.40452902922146e-05
0.961357859531773,0.446971901635502,5.67555145937356e-05,5.12400120971743e-05,1.59169440794923e-05
0.964688963210702,0.445813214015763,3.88125366160582e-05,3.13281726325948e-05,1.01411534255293e-05
0.968020066889632,0.441355118857309,2.55470268398632e-05,1.8014867201529e-05,6.17192163978179e-06
0.971351170568562,0.433093021538262,1.60493554205954e-05,9.59708162221676e-06,3.55203292421939e-06
0.974682274247492,0.420466817885442,9.5128028819567e-06,4.63743371334335e-06,1.90653729135634e-06
0.978013377926421,0.40285573811641,5.23295524816708e-06,1.97091913053854e-06,9.35748937421315e-07
0.981344481605351,0.379572766076985,2.6066749506292e-06,7.02753972177797e-07,4.07764461538827e-07
0.984675585284281,0.349858602121343,1.13055461256234e-06,1.94557499953083e-07,1.5051285653258e-07
0.988006688963211,0.312875135828187,3.98720771907081e-07,3.63766365236183e-08,4.33570609290703e-08
0.991337792642141,0.267698392458657,9.97849138743927e-08,3.4396180506057e-09,8.27865697955328e-09
0.99466889632107,0.213310914631879,1.26034869744509e-08,7.67224013150395e-11,6.96431726731396e-10
0.998,0.148593538114411,1.92027443109173e-10,1.23586319964796e-14,4.64216330587596e-12
