"p","q10","q50","q90","mean_test"
0.001,0.000250491774963687,6.27483777480631e-10,6.20836085121675e-16,1.92118108739014e-05
0.00515833333333333,0.00650044585450034,4.36912054324556e-07,2.25818768192452e-12,0.000498733522759786
0.00931666666666667,0.0206790601392748,4.57216828083884e-06,4.3357331107861e-11,0.00158787235839835
0.013475,0.0421800082983497,1.96737897770179e-05,2.74947154560035e-10,0.00324314390645753
0.0176333333333333,0.0704224421475915,5.67247629375915e-05,1.06022623749133e-09,0.00542459443763143
0.0217916666666667,0.104850277583141,0.000130085164672852,3.07993120878596e-09,0.00809562924542347
0.02595,0.144931494060454,0.00025716685926248,7.45306552834008e-09,0.0112228456670659
0.0301083333333333,0.190157447458473,0.000458121129758171,1.5877612300112e-08,0.0147758707163947
0.0342666666666667,0.240042196169387,0.000755538981635578,3.07962856350559e-08,0.0187272032609109
0.038425,0.294121840255373,0.00117416385866707,5.5592185777452e-08,0.0230520606756689
0.0425833333333333,0.35195387351458,0.00174061651325778,9.48190339032467e-08,0.0277282299070436
0.0467416666666667,0.413116548299571,0.00248313177575842,1.54470473194118e-07,0.0327359228798389
0.0509,0.477208252932307,0.00343130696953936,2.42292733486073e-07,0.0380576361816127
0.0550583333333333,0.543846901560692,0.00461586172088141,3.68144767486499e-07,0.0436780149584994
0.0592166666666667,0.612669336302589,0.0060684089150098,5.44409777248677e-07,0.0495837209572285
0.063375,0.683330741524136,0.00782123655186862,7.86461860287863e-07,0.0557633046484428
0.0675333333333333,0.75550407010011,0.00990710025750455,1.11319131541817e-06,0.062207081366834
0.0716916666666667,0.828879481504943,0.0123590262091988,1.54759195908454e-06,0.0689070114040219
0.07585,0.903163791584,0.0152101242347583,2.11741361365922e-06,0.0758565839905181
0.0800083333333333,0.978079933855513,0.0184934108486464,2.8558827398673e-06,0.0830507051035192
0.0841666666666667,1.0533664321946,0.0222416419899076,3.80249399620083e-06,0.0904855890376939
0.088325,1.12877688475159,0.026487155229107,5.00387531887633e-06,0.0981586536765307
0.0924833333333333,1.2040794589579,0.0312617212137809,6.51472892658545e-06,0.10606841940223
0.0966416666666667,1.27905639747347,0.0365964041241633,8.39885046498371e-06,0.114214411582533
0.1008,1.35350353493089,0.0425214309132245,1.07302283165573e-05,0.122597066573286
0.104958333333333,1.42722982533193,0.0490660691073292,1.35942249122031e-05,0.131217641175963
0.109116666666667,1.50005687995358,0.0562585129460924,1.7088841691552e-05,0.140078125489762
0.113275,1.57181851562095,0.0641257776422829,2.13260691697613e-05,0.149181159098314
0.117433333333333,1.64236031320609,0.0726936015448943,2.64333233791956e-05,0.158529950531453
0.121591666666667,1.71153918621184,0.0819863559907747,3.25549697651131e-05,0.1681281999429
0.12575,1.77922295930159,0.0920269626324779,3.98539354251663e-05,0.177980024945132
0.129908333333333,1.84528995663592,0.102836818032269,4.85134103932247e-05,0.188089889543116
0.134066666666667,1.90962859987865,0.114435725314488,5.87386384787179e-05,0.198462536108985
0.138225,1.97213701573542,0.12684183267075,7.07587979833981e-05,0.209102920340183
0.142383333333333,2.0327226528888,0.140071578514724,8.48289724281099e-05,0.220016149143954
0.146541666666667,2.091301908195,0.154139643085507,0.000101232211232855,0.231207421391528
0.1507,2.14779976200807,0.169058906300889,0.000120281680104133,0.242681971485725
0.154858333333333,2.20214942249844,0.18484041166406,0.000142322900694237,0.25444501568611
0.159016666666667,2.25429197883339,0.201493336029595,0.000167736078907869,0.26650170113627
0.163175,2.30417606308819,0.21902496503681,0.000196938521042146,0.278857057538173
0.167333333333333,2.35175752075752,0.237440674020872,0.000230387136756762,0.291515951418974
0.171491666666667,2.39699908973733,0.256743914214304,0.000268581027681754,0.304483042936073
0.17565,2.43987008764885,0.276936204053786,0.000312064160281031,0.317762745166603
0.179808333333333,2.48034610737669,0.298017125409458,0.000361428121400509,0.331359185827976
0.183966666666667,2.5184087206945,0.319984324556163,0.000417314954740395,0.345276171376482
0.188125,2.55404518985195,0.342833517708373,0.000480420076301861,0.359517153431402
0.192283333333333,2.58724818699832,0.366558500942777,0.000551495266669029,0.374085197472436
0.196441666666667,2.61801552131836,0.391151164334823,0.000631351737797912,0.388982953758744
0.2006,2.64634987375739,0.416601510137735,0.000720863271794616,0.404212630418214
0.204758333333333,2.67225853921318,0.442897674834826,0.000820969428975823,0.419775968656069
0.208916666666667,2.69575317607347,0.470025954898183,0.000932678822315295,0.435674220032272
0.213075,2.71684956297839,0.49797083608909,0.00105707245519075,0.45190812575764
0.217233333333333,2.73556736268841,0.526715026137792,0.00119530711915628,0.468477897958957
0.221391666666667,2.75192989293906,0.556239490642516,0.00134861884827606,0.485383202863813
0.22555,2.76596390416479,0.586523492029906,0.00151832642636584,0.502623145856295
0.229708333333333,2.77769936397494,0.617544631421297,0.00170583494329946,0.520196258355064
0.233866666666667,2.78716924826611,0.649278893251568,0.00191263939634823,0.538100486465762
0.238025,2.79440933885571,0.681700692489519,0.00214032833233173,0.556333181360126
0.242183333333333,2.79945802752278,0.714782924311039,0.00239058752616933,0.574891091334557
0.246341666666667,2.80235612634265,0.748497016078587,0.00266520369123249,0.593770355501337
0.2505,2.80314668420333,0.782812981482771,0.00296606821670828,0.612966499066088
0.254658333333333,2.80187480939217,0.8176994767041,0.00329518092699573,0.632474430145468
0.258816666666667,2.79858749814229,0.853123858455215,0.00365465385796687,0.652288438079521
0.262975,2.7933334690292,0.889052243766253,0.00404671504473529,0.672402193193502
0.267133333333333,2.78616300310909,0.925449571378159,0.00447371231538578,0.692808747964421
0.271291666666667,2.77712778969078,0.962279664611154,0.00493811708492889,0.713500539547938
0.27545,2.76628077763475,0.999505295577721,0.00544252814355555,0.734469393621675
0.279608333333333,2.7536760320731,1.03708825061185,0.00598967543307706,0.755706529501412
0.283766666666667,2.7393685964456,1.07498939678845,0.00658242380524689,0.77720256648704
0.287925,2.72341435974748,1.11316874940923,0.00722377675547099,0.79894753139556
0.292083333333333,2.70586992888601,1.15158554033342,0.00791688012522436,0.820930867238841
0.296241666666667,2.68679250604335,1.19019828703431,0.00866502576630206,0.843141443004218
0.3004,2.66623977094442,1.22896486226445,0.00947165515984396,0.865567564496492
0.304558333333333,2.64426976792918,1.2678425642149,0.0103403629828825,0.888196986200222
0.308716666666667,2.62094079772984,1.30678818705619,0.0112749006149743,0.911016924121685
0.312875,2.59631131385431,1.34575809175074,0.0122791795772863,0.934014069570237
0.317033333333333,2.57043982347808,1.3847082770289,0.0133572748963183,0.95717460383925
0.321191666666667,2.54338479274773,1.42359445042303,0.0145134283842551,0.980484213747195
0.32535,2.51520455640006,1.46237209925632,0.0157520518277499,1.00392810799986
0.329508333333333,2.48595723160195,1.50099656148514,0.0170777300767546,1.0274910343351
0.333666666666667,2.45570063591659,1.5394230962964,0.01849522402482,1.05115729741191
0.337825,2.42449220930306,1.57760695436305,0.0200094734721023,1.07491077740609
0.341983333333333,2.39238894005689,1.61550344766387,0.0216255998621213,1.09873494927506
0.346141666666667,2.35944729460015,1.6530680187752,0.023348908883127,1.12261290265492
0.3503,2.32572315103062,1.69025630954522,0.0251848929247419,1.14652736235316
0.354458333333333,2.29127173634045,1.72702422906306,0.0271392333803576,1.17046070940096
0.358616666666667,2.25614756721561,1.76332802083787,0.0292178027855735,1.19439500262925
0.362775,2.22040439432838,1.79912432910469,0.0314266667827776,1.21831200073327
0.366933333333333,2.18409515003604,1.83437026417672,0.0337720859017799,1.24219318479077
0.371091666666667,2.14727189939978,1.86902346676545,0.0362605171462182,1.26601978119921
0.37525,2.1099857944387,1.90304217119275,0.0388986153752686,1.28977278499806
0.379408333333333,2.07228703153501,1.93638526742096,0.0416932344700028,1.31343298354238
0.383566666666667,2.03422481190689,1.96901236182955,0.0446514282735446,1.33698098049447
0.387725,1.99584730506696,2.00088383666904,0.0477804512939906,1.36039722010078
0.391883333333333,1.95720161518477,2.03196090812515,0.0510877591588671,1.38366201172154
0.396041666666667,1.91833375027286,2.06220568292858,0.0545810088097102,1.4067555545812
0.4002,1.8792885941169,2.09158121344781,0.0582680584251642,1.42965796270794
0.404358333333333,1.84010988087101,2.12005155120485,0.0621569670608044,1.45234929003114
0.408516666666667,1.80084017224071,2.14758179875597,0.0662559939937011,1.47480955560595
0.412675,1.76152083717649,2.17413815988184,0.0705735977595539,1.4970187689346
0.416833333333333,1.722192034002,2.19968798803363,0.0751184348700331,1.51895695535446
0.420991666666667,1.68289269490206,2.22419983298398,0.0798993581977782,1.54060418146329
0.42515,1.64366051269597,2.24764348563416,0.0849254150163144,1.56194058055256
0.429308333333333,1.60453192982326,2.26999002093058,0.0902058446819549,1.58294637802
0.433466666666667,1.56554212946925,2.29121183884667,0.0957500759445726,1.60360191673317
0.437625,1.52672502875921,2.31128270338793,0.101567723873933,1.62388768231603
0.441783333333333,1.48811327395049,2.33017777958045,0.107668586388091,1.64378432833101
0.445941666666667,1.44973823755309,2.34787366840545,0.114062640370159,1.66327270132961
0.4501,1.41163001730992,2.36434843964459,0.120760037359587,1.68233386574459
0.454258333333333,1.37381743696899,2.37958166260325,0.127771098803864,1.7009491285977
0.458416666666667,1.33632804878069,2.39355443468091,0.13510631085641,1.71910006399703
0.462575,1.29918813765415,2.40624940776045,0.142776318706204,1.73676853739835
0.466733333333333,1.26242272690753,2.41765081239009,0.150791920424511,1.7539367296057
0.470891666666667,1.22605558554837,2.42774447973431,0.159164060313892,1.77058716048628
0.47505,1.19010923702041,2.4365178612719,0.16790382174449,1.78670271237567
0.479208333333333,1.15460496935479,2.44396004622219,0.177022419462371,1.80226665314937
0.483366666666667,1.11956284666411,2.45006177668208,0.186531191354556,1.81726265893738
0.487525,1.08500172191881,2.45481546045936,0.196441589655145,1.83167483645881
0.491683333333333,1.05093925094638,2.45821518158969,0.20676517157677,1.84548774495386
0.495841666666667,1.0173919075945,2.4602567085271,0.217513589351418,1.8586864176911
0.5,0.984375000000544,2.4609375,0.228698579664484,1.87125638302823
0.504158333333333,0.951902687910393,2.4602567085271,0.2403319524657,1.88318368500495
0.508316666666667,0.919988000990638,2.45821518158969,0.252425579140431,1.89445490344713
0.512475,0.888642858079141,2.45481546045936,0.264991380024616,1.90505717356151
0.516633333333333,0.857878087319738,2.45006177668208,0.278041311246443,1.91497820500112
0.520791666666667,0.827703447127879,2.44396004622219,0.291587350877676,1.92420630038141
0.52495,0.79812764793482,2.4365178612719,0.305641484377337,1.93273037322805
0.529108333333333,0.769158374658984,2.42774447973431,0.320215689310285,1.94053996533731
0.533266666666667,0.740802309853913,2.41765081239009,0.335321919323018,1.94762526353071
0.537425,0.713065157483233,2.40624940776045,0.350972087358846,1.95397711578577
0.541583333333333,0.685951667273915,2.39355443468091,0.367178048094411,1.95958704672523
0.545741666666667,0.659465659600004,2.37958166260325,0.383951579579303,1.96444727244754
0.5499,0.633610050849979,2.36434843964459,0.401304364060362,1.96855071468172
0.554058333333333,0.608386879231703,2.34787366840545,0.419247967972062,1.97189101425026
0.558216666666667,0.583797330969928,2.33017777958045,0.437793821074171,1.97446254382397
0.562375,0.559841766852168,2.31128270338793,0.456953194717705,1.97626041995315
0.566533333333333,0.536519749079696,2.29121183884667,0.476737179219995,1.97728051436011
0.570691666666667,0.513830068381301,2.26999002093058,0.497156660329508,1.97751946447791
0.57485,0.491770771348373,2.24764348563416,0.518222294760855,1.97697468322132
0.579008333333333,0.470339187950782,2.22419983298398,0.539944484780265,1.97564436797576
0.583166666666667,0.449531959193927,2.19968798803363,0.562333351821552,1.97352750879082
0.587325,0.429345064878235,2.17413815988184,0.585398709112496,1.97062389576525
0.591483333333333,0.409773851423297,2.14758179875597,0.609150033291302,1.96693412561052
0.595641666666667,0.390813059719773,2.12005155120485,0.633596434992624,1.96245960738092
0.5998,0.37245685297302,2.09158121344781,0.658746628382496,1.95720256735796
0.603958333333333,0.354698844503419,2.06220568292858,0.684608899621259,1.95116605307793
0.608116666666667,0.337532125469184,2.03196090812515,0.711191074233434,1.94435393649122
0.612275,0.320949292478408,2.00088383666904,0.738500483363271,1.93677091624301
0.616433333333333,0.304942475057986,1.96901236182955,0.76654392889453,1.92842251906479
0.620591666666667,0.289503362947961,1.93638526742096,0.79532764741286,1.91931510026718
0.62475,0.274623233190758,1.90304217119275,0.824857272988939,1.90945584332428
0.628908333333333,0.260292976985667,1.86902346676545,0.855137798760368,1.89885275854084
0.633066666666667,0.246503126279861,1.83437026417672,0.88617353729012,1.88751468079339
0.637225,0.233243880068126,1.79912432910469,0.917968079679125,1.8754512663372
0.641383333333333,0.220505130374399,1.76332802083787,0.950524253410431,1.86267298867144
0.645541666666667,0.208276487889112,1.72702422906306,0.98384407890216,1.84919113345479
0.6497,0.196547307237259,1.69025630954522,1.01792872474629,1.835017792465
0.653858333333333,0.185306711852999,1.6530680187752,1.05277846161013,1.82016585659536
0.658016666666667,0.17454361843752,1.61550344766387,1.08839261477711,1.80464900788236
0.662175,0.164246760977807,1.57760695436305,1.12476951530339,1.78848171055842
0.666333333333333,0.154404714304844,1.5394230962964,1.16190644976659,1.77167920112472
0.670491666666667,0.145005917170719,1.50099656148514,1.19979960858261,1.75425747743886
0.67465,0.13603869482498,1.46237209925632,1.23844403286664,1.73623328681316
0.678808333333333,0.127491281071509,1.42359445042303,1.27783355981391,1.71762411311927
0.682966666666667,0.119351839788104,1.3847082770289,1.31796076657571,1.69844816289553
0.687125,0.111608485891844,1.34575809175074,1.35881691260615,1.67872435045377
0.691283333333333,0.104249305734227,1.30678818705619,1.40039188045465,1.65847228198271
0.695441666666667,0.0972623769110005,1.2678425642149,1.44267411497922,1.63771223864537
0.6996,0.0906357874724744,1.22896486226445,1.4856505609552,1.61646515866875
0.703758333333333,0.0843576545210508,1.19019828703431,1.52930659905412,1.59475261842378
0.707916666666667,0.0784161421835902,1.15158554033342,1.5736259801671,1.57259681249459
0.712075,0.072799478947152,1.11316874940923,1.61859075804679,1.55002053273619
0.716233333333333,0.0674959743475554,1.07498939678845,1.66418122024213,1.52704714632014
0.720391666666667,0.0624940350011092,1.03708825061185,1.71037581729953,1.50370057276828
0.72455,0.0577821799707752,0.999505295577721,1.75715109020419,1.4800052599749
0.728708333333333,0.0533490554589335,0.962279664611155,1.80448159603507,1.45598615921819
0.732866666666667,0.049183448819826,0.925449571378159,1.85233983180654,1.43166869916221
0.737025,0.045274301885667,0.889052243766253,1.9006961564701,1.4070787588511
0.741183333333333,0.041610723601313,0.853123858455215,1.9495187110487,1.38224263969746
0.745341666666667,0.038182001963296,0.8176994767041,1.99877333687657,1.35718703646751
0.7495,0.0349776152599316,0.782812981482772,2.04842349191703,1.33193900726586
0.753658333333333,0.0319872426101215,0.748497016078587,2.09843016513045,1.30652594252316
0.757816666666667,0.0292007737993783,0.714782924311038,2.14875178886464,1.2809755329904
0.761975,0.0266083184125098,0.681700692489519,2.1993441492395,1.25531573674395
0.766133333333333,0.0242002142633068,0.649278893251568,2.25016029449767,1.22957474520582
0.770291666666667,0.0219670351224894,0.617544631421297,2.30115044129279,1.20378094818424
0.77445,0.0198995977460719,0.586523492029906,2.35226187888665,1.17796289793967
0.778608333333333,0.0179889682072168,0.556239490642516,2.40343887122645,1.15214927228221
0.782766666666667,0.0162264675355577,0.526715026137791,2.45462255687316,1.12636883670654
0.786925,0.0146036766688763,0.49797083608909,2.50575084675167,1.10065040557085
0.791083333333333,0.0131124407229303,0.470025954898183,2.5567583196935,1.07502280232692
0.795241666666667,0.0117448725861349,0.442897674834826,2.60757611574233,1.04951481880868
0.7994,0.0104933558467105,0.416601510137735,2.65813182719266,1.02415517358704
0.803558333333333,0.00935054706081763,0.391151164334823,2.70834938733154,0.998972469399236
0.807716666666667,0.00830937737110683,0.366558500942777,2.75814895685339,0.973995149661432
0.811875,0.00736305348602195,0.342833517708373,2.80744680791734,0.949251454073425
0.816033333333333,0.00650505803110226,0.319984324556164,2.85615520581675,0.924769373325099
0.820191666666667,0.00572914928443688,0.298017125409458,2.90418228823004,0.900576602914395
0.82435,0.00502936030933527,0.276936204053786,2.95143194202203,0.876700496087124
0.828508333333333,0.00439999749818348,0.256743914214304,2.9978036775646,0.853168015909289
0.832666666666667,0.00383563854236617,0.237440674020872,3.04319250054543,0.830005686483031
0.836825,0.00333112984404209,0.219024965036809,3.08748878123333,0.807239543317722
0.840983333333333,0.00288158338646888,0.201493336029595,3.13057812116849,0.784895082868107
0.845141666666667,0.00248237308048163,0.18484041166406,3.17234121724573,0.762997211251849
0.8493,0.00212913060563869,0.169058906300888,3.21265372315885,0.741570192159222
0.853458333333333,0.00181774076545525,0.154139643085507,3.25138610817362,0.720637593968092
0.857616666666667,0.00154433637705487,0.140071578514724,3.28840351319723,0.700222236077774
0.861775,0.00130529271647704,0.126841832670751,3.32356560411139,0.68034613447574
0.865933333333333,0.00109722154178702,0.114435725314488,3.35672642233636,0.66103044655155
0.870091666666667,0.000916964717043016,0.102836818032269,3.38773423259287,0.642295415172835
0.87425,0.000761587461083986,0.092026962632478,3.41643136782884,0.624160312038512
0.878408333333333,0.000628371246009641,0.0819863559907747,3.44265407127743,0.606643380324879
0.882566666666667,0.000514806371132835,0.0726936015448944,3.4662323356128,0.589761776640606
0.886725,0.000418584239092717,0.0641257776422829,3.48698973917007,0.573531512307075
0.890883333333333,0.000337589361725591,0.0562585129460923,3.50474327919524,0.557967393980916
0.895041666666667,0.000269891124198694,0.0490660691073293,3.51930320209117,0.543082963636007
0.8992,0.000213735336820569,0.0425214309132245,3.53047283062513,0.528890437922617
0.903358333333333,0.000167535604850119,0.0365964041241633,3.53804838806356,0.515400646921772
0.907516666666667,0.000129864547534749,0.0312617212137809,3.54181881919924,0.502622972313351
0.911675,9.94448985164681e-05,0.026487155229107,3.54156560823595,0.490565284976801
0.915833333333333,7.51405206532178e-05,0.0222416419899076,3.53706259349574,0.479233882043821
0.919991666666667,5.59473692110296e-05,0.0184934108486465,3.52807577891322,0.468633423422712
0.92415,4.09844382910841e-05,0.0152101242347583,3.51436314228177,0.458766867814556
0.928308333333333,2.94847262640977e-05,0.0123590262091989,3.49567444021575,0.449635408241763
0.932466666666667,2.07862568928624e-05,0.00990710025750455,3.47175100979295,0.441238407109958
0.936625,1.43231937321829e-05,0.00782123655186861,3.44232556684141,0.43357333082457
0.940783333333333,9.61708630382295e-06,0.00606840891500981,3.40712200083413,0.426635683983917
0.944941666666667,6.26828745249204e-06,0.00461586172088141,3.36585516635546,0.420418943170975
0.9491,3.94758219728921e-06,0.00343130696953938,3.31823067110255,0.41491449036644
0.953258333333333,2.38806930141804e-06,0.00248313177575843,3.26394466038498,0.410111546006091
0.957416666666667,1.37733769138711e-06,0.00174061651325778,3.20268359808573,0.405997101705897
0.961575,7.49980765302802e-07,0.00117416385866708,3.13412404404623,0.402555852678689
0.965733333333333,3.80492538260274e-07,0.000755538981635578,3.05793242783817,0.399770129866656
0.969891666666667,1.76590481234397e-07,0.000458121129758168,2.97376481888459,0.397619831814318
0.97405,7.30108182681871e-08,0.00025716685926248,2.88126669289244,0.396082356307051
0.978208333333333,2.58229551538133e-08,0.000130085164672852,2.78007269455866,0.395132531800642
0.982366666666667,7.31062119719837e-09,5.67247629375908e-05,2.66980639651186,0.394742548667766
0.986525,1.46821405386926e-09,1.9673789777018e-05,2.55008005445107,0.39488189028769
0.990683333333333,1.61746020293643e-10,4.57216828083879e-06,2.42049435844325,0.395517264005914
0.994841666666667,4.69856139773202e-12,4.36912054324571e-07,2.28063818034078,0.396612531990872
0.999,2.51496483046794e-16,6.27483777480633e-10,2.13008831728011,0.398128642015231
